,Children apprehended and placed in CBP custody*,Children in CBP custody,Children transferred out of CBP custody,Children in HHS Care,Children discharged from HHS Care,Children in HHS Care_lag_1,Children in HHS Care_lag_7,Children in HHS Care_lag_14,rolling_mean_7,rolling_var_7,HHS_Net_Pressure,HHS_Pressure_Trend,day_of_week,month,is_weekend
2023-01-12,33.0,53.0,34.0,6566.0,436.0,,,,,,-402.0,,3,1,0
2023-01-13,32.9,52.6,34.5,6621.6,415.1,6566.0,,,,,-380.6,,4,1,0
2023-01-14,32.8,52.2,35.0,6677.2,394.2,6621.6,,,,,-359.2,-1141.8,5,1,1
2023-01-15,32.7,51.8,35.5,6732.8,373.3,6677.2,,,,,-337.8,-1077.6,6,1,1
2023-01-16,32.6,51.4,36.0,6788.4,352.4,6732.8,,,,,-316.4,-1013.4,0,1,0
2023-01-17,32.5,51.0,36.5,6844.0,331.5,6788.4,,,,,-295.0,-949.2,1,1,0
2023-01-18,32.4,50.6,37.0,6899.6,310.6,6844.0,,,6732.8,14426.346666666526,-273.6,-885.0,2,1,0
2023-01-19,32.3,50.2,37.5,6955.2,289.70000000000005,6899.6,6566.0,,6788.400000000001,14426.346666666364,-252.20000000000005,-820.8000000000001,3,1,0
2023-01-20,32.2,49.8,38.0,7010.8,268.8,6955.2,6621.6,,6844.0,14426.346666666199,-230.8,-756.6000000000001,4,1,0
2023-01-21,32.1,49.4,38.5,7066.4,247.9,7010.8,6677.2,,6899.599999999999,14426.346666665953,-209.4,-692.4000000000001,5,1,1
2023-01-22,32.0,49.0,39.0,7122.0,227.0,7066.4,6732.8,,6955.2,14426.346666665791,-188.0,-628.2,6,1,1
2023-01-23,32.0,50.0,39.0,7280.0,181.0,7122.0,6788.4,,7025.428571428572,21617.752380951206,-142.0,-539.4,0,1,0
2023-01-24,47.0,42.0,47.0,7433.0,175.0,7280.0,6844.0,,7109.571428571428,35557.41904761752,-128.0,-458.0,1,1,0
2023-01-25,20.0,22.0,41.0,7538.0,180.0,7433.0,6899.6,,7200.771428571429,49097.57904761721,-139.0,-409.0,2,1,0
2023-01-26,20.75,27.75,33.5,7521.5,210.75,7538.0,6955.2,6566.0,7281.671428571428,48555.54904761693,-177.25,-444.25,3,1,0
2023-01-27,21.5,33.5,26.0,7505.0,241.5,7521.5,7010.8,6621.6,7352.271428571429,38824.51571428348,-215.5,-531.75,4,1,0
2023-01-28,22.25,39.25,18.5,7488.5,272.25,7505.0,7066.4,6677.2,7412.571428571428,24055.035714283327,-253.75,-646.5,5,1,1
2023-01-29,23.0,45.0,11.0,7472.0,303.0,7488.5,7122.0,6732.8,7462.571428571428,7655.035714283237,-292.0,-761.25,6,1,1
2023-01-30,34.0,54.0,29.0,7743.0,196.0,7472.0,7280.0,6788.4,7528.714285714285,10102.321428568843,-167.0,-712.75,0,1,0
2023-01-31,26.0,36.0,36.0,7803.0,158.0,7743.0,7433.0,6844.0,7581.571428571428,17854.702380949773,-122.0,-581.0,1,1,0
2023-02-01,25.0,32.0,27.0,7903.0,231.0,7803.0,7538.0,6899.6,7633.714285714285,31585.65476190219,-204.0,-493.0,2,2,0
2023-02-02,15.0,13.0,23.0,7879.0,298.0,7903.0,7521.5,6955.2,7684.785714285715,36471.48809523558,-275.0,-601.0,3,2,0
2023-02-03,15.333333333333334,14.666666666666666,20.333333333333332,7781.333333333333,312.6666666666667,7879.0,7505.0,7010.8,7724.2619047619055,30819.813492061043,-292.33333333333337,-771.3333333333334,4,2,0
2023-02-04,15.666666666666666,16.333333333333332,17.666666666666668,7683.666666666667,327.3333333333333,7781.333333333333,7488.5,7066.4,7752.142857142857,20923.624338621947,-309.66666666666663,-877.0,5,2,1
2023-02-05,16.0,18.0,15.0,7586.0,342.0,7683.666666666667,7472.0,7122.0,7768.428571428572,12134.767195764827,-327.0,-929.0,6,2,1
2023-02-06,11.0,22.0,12.0,7720.0,196.0,7586.0,7743.0,7280.0,7765.142857142857,12405.291005288644,-184.0,-820.6666666666666,0,2,0
2023-02-07,16.0,20.0,20.0,7855.0,200.0,7720.0,7803.0,7433.0,7772.571428571428,13447.767195764822,-180.0,-691.0,1,2,0
2023-02-08,93.0,196.0,169.0,7915.0,317.0,7855.0,7903.0,7538.0,7774.285714285715,13990.052910050545,-148.0,-512.0,2,2,0
2023-02-09,124.0,234.0,161.0,7908.0,353.0,7915.0,7879.0,7521.5,7778.428571428572,15122.433862431499,-192.0,-520.0,3,2,0
2023-02-10,113.33333333333333,223.66666666666666,165.0,7750.0,341.0,7908.0,7781.333333333333,7505.0,7773.952380952381,15232.349206346842,-176.0,-516.0,4,2,0
2023-02-11,102.66666666666667,213.33333333333334,169.0,7592.0,329.0,7750.0,7683.666666666667,7488.5,7760.857142857143,19191.476190473844,-160.0,-528.0,5,2,1
2023-02-12,92.0,203.0,173.0,7434.0,317.0,7592.0,7586.0,7472.0,7739.142857142857,31351.476190473822,-144.0,-480.0,6,2,1
2023-02-13,186.0,259.0,172.0,7483.0,244.0,7434.0,7720.0,7743.0,7705.285714285715,40887.90476190236,-72.0,-376.0,0,2,0
2023-02-14,154.0,225.0,220.0,7794.0,223.0,7483.0,7855.0,7803.0,7696.571428571428,38375.2857142833,-3.0,-219.0,1,2,0
2023-02-15,91.0,199.0,172.0,7869.0,290.0,7794.0,7915.0,7903.0,7690.0,35328.333333330935,-118.0,-193.0,2,2,0
2023-02-16,81.0,213.0,153.0,7793.0,361.0,7869.0,7908.0,7879.0,7673.571428571428,28860.952380949937,-208.0,-329.0,3,2,0
2023-02-17,113.0,231.0,160.75,7799.0,323.0,7793.0,7750.0,7781.333333333333,7680.571428571428,30452.285714283276,-162.25,-488.25,4,2,0
2023-02-18,145.0,249.0,168.5,7805.0,285.0,7799.0,7592.0,7683.666666666667,7711.0,30644.99999999757,-116.5,-486.75,5,2,1
2023-02-19,177.0,267.0,176.25,7811.0,247.0,7805.0,7434.0,7586.0,7764.857142857143,16139.476190473744,-70.75,-349.5,6,2,1
2023-02-20,209.0,285.0,184.0,7817.0,209.0,7811.0,7483.0,7720.0,7812.571428571428,695.9523809498907,-25.0,-212.25,0,2,0
2023-02-21,184.0,314.0,217.0,7967.0,213.0,7817.0,7794.0,7855.0,7837.285714285715,3900.5714285688723,4.0,-91.75,1,2,0
2023-02-22,107.0,215.0,230.0,7978.0,232.0,7967.0,7869.0,7915.0,7852.857142857143,6750.142857140253,-2.0,-23.0,2,2,0
2023-02-23,101.0,162.0,178.0,7914.0,386.0,7978.0,7793.0,7908.0,7870.142857142857,6427.476190473532,-208.0,-206.0,3,2,0
2023-02-24,100.33333333333333,171.33333333333334,177.33333333333334,7812.333333333333,365.0,7914.0,7799.0,7750.0,7872.047619047619,6136.682539679877,-187.66666666666666,-397.66666666666663,4,2,0
2023-02-25,99.66666666666667,180.66666666666666,176.66666666666666,7710.666666666667,344.0,7812.333333333333,7805.0,7592.0,7858.571428571428,9516.211640208987,-167.33333333333334,-563.0,5,2,1
2023-02-26,99.0,190.0,176.0,7609.0,323.0,7710.666666666667,7811.0,7434.0,7829.714285714285,18548.497354494742,-147.0,-502.0,6,2,1
2023-02-27,167.0,239.0,166.0,7800.0,248.0,7609.0,7817.0,7483.0,7827.285714285715,18661.83068782808,-82.0,-396.33333333333337,0,2,0
2023-02-28,115.0,216.0,169.0,7896.0,200.0,7800.0,7967.0,7794.0,7817.142857142857,16075.40211639952,-31.0,-260.0,1,2,0
2023-03-01,84.0,158.0,193.0,7930.0,307.0,7896.0,7978.0,7869.0,7810.285714285715,13830.830687828095,-114.0,-227.0,2,3,0
2023-03-02,130.0,227.0,192.0,7870.0,335.0,7930.0,7914.0,7793.0,7804.0,12586.259259256663,-143.0,-288.0,3,3,0
2023-03-03,121.6,224.4,185.6,7867.8,319.8,7870.0,7812.333333333333,7799.0,7811.92380952381,13179.840634918057,-134.20000000000002,-391.20000000000005,4,3,0
2023-03-04,113.2,221.8,179.2,7865.6,304.6,7867.8,7710.666666666667,7805.0,7834.057142857143,11379.662857140327,-125.40000000000003,-402.6,5,3,1
2023-03-05,104.8,219.2,172.8,7863.4,289.4,7865.6,7609.0,7811.0,7870.400000000001,1540.4399999975403,-116.59999999999997,-376.20000000000005,6,3,1
2023-03-06,96.4,216.6,166.4,7861.2,274.2,7863.4,7800.0,7817.0,7879.142857142857,639.3428571404257,-107.79999999999998,-349.79999999999995,0,3,0
2023-03-07,88.0,214.0,160.0,7859.0,259.0,7861.2,7896.0,7967.0,7873.857142857143,627.00952380707,-99.0,-323.4,1,3,0
2023-03-08,113.0,208.0,159.0,7885.0,291.0,7859.0,7930.0,7978.0,7867.428571428572,74.1523809499041,-132.0,-338.79999999999995,2,3,0
2023-03-09,174.0,285.0,150.0,7786.0,340.0,7885.0,7870.0,7914.0,7855.428571428572,1010.1523809498585,-190.0,-421.0,3,3,0
2023-03-10,156.5,271.25,164.0,7731.25,317.25,7786.0,7867.8,7812.333333333333,7835.921428571428,3110.746547616455,-153.25,-475.25,4,3,0
2023-03-11,139.0,257.5,178.0,7676.5,294.5,7731.25,7865.6,7710.666666666667,7808.907142857142,6348.408690473511,-116.5,-459.75,5,3,1
2023-03-12,121.5,243.75,192.0,7621.75,271.75,7676.5,7863.4,7609.0,7774.385714285714,10301.112261902004,-79.75,-349.5,6,3,1
2023-03-13,104.0,230.0,206.0,7567.0,249.0,7621.75,7861.2,7800.0,7732.357142857143,14152.330357139974,-43.0,-239.25,0,3,0
2023-03-14,147.0,276.0,214.0,7810.0,181.0,7567.0,7859.0,7896.0,7725.357142857143,12426.83035713995,33.0,-89.75,1,3,0
2023-03-15,108.0,220.0,213.0,7915.0,286.0,7810.0,7885.0,7930.0,7729.642857142857,14151.83035713995,-73.0,-83.0,2,3,0
2023-03-16,180.0,280.0,146.0,7989.0,308.0,7915.0,7786.0,7870.0,7758.642857142857,23852.330357140043,-162.0,-202.0,3,3,0
2023-03-17,164.66666666666666,284.6666666666667,159.33333333333334,7954.333333333333,307.3333333333333,7989.0,7731.25,7867.8,7790.5119047619055,28924.820436505182,-147.99999999999997,-383.0,4,3,0
2023-03-18,149.33333333333334,289.3333333333333,172.66666666666666,7919.666666666667,306.6666666666667,7954.333333333333,7676.5,7865.6,7825.25,28130.668981478815,-134.00000000000003,-444.0,5,3,1
2023-03-19,134.0,294.0,186.0,7885.0,306.0,7919.666666666667,7621.75,7863.4,7862.857142857143,20173.624338621736,-120.0,-402.0,6,3,1
2023-03-20,202.0,313.0,158.0,7931.0,279.0,7885.0,7567.0,7861.2,7914.857142857143,3204.2910052884713,-121.0,-375.0,0,3,0
2023-03-21,110.0,272.0,193.0,8050.0,221.0,7931.0,7810.0,7859.0,7949.142857142857,3044.291005288549,-28.0,-269.0,1,3,0
2023-03-22,166.0,277.0,229.0,8097.0,246.0,8050.0,7915.0,7885.0,7975.142857142857,5704.957671955282,-17.0,-166.0,2,3,0
2023-03-23,136.0,276.0,178.0,8102.0,331.0,8097.0,7989.0,7786.0,7991.285714285715,8051.052910050567,-153.0,-198.0,3,3,0
2023-03-24,119.66666666666667,266.0,176.33333333333334,8017.0,338.0,8102.0,7954.333333333333,7731.25,8000.2380952380945,7840.17460317229,-161.66666666666666,-331.66666666666663,4,3,0
2023-03-25,103.33333333333334,256.0,174.66666666666666,7932.0,345.0,8017.0,7919.666666666667,7676.5,8002.0,7530.666666664368,-170.33333333333334,-485.0,5,3,1
2023-03-26,87.0,246.0,173.0,7847.0,352.0,7932.0,7885.0,7621.75,7996.571428571428,9218.952380950055,-179.0,-511.0,6,3,1
2023-03-27,84.0,171.0,157.0,7994.0,235.0,7847.0,7931.0,7567.0,8005.571428571428,8408.952380950093,-78.0,-427.33333333333337,0,3,0
2023-03-28,167.0,209.0,157.0,8079.0,223.0,7994.0,8050.0,7810.0,8009.714285714285,8958.571428569165,-66.0,-323.0,1,3,0
2023-03-29,109.0,245.0,159.0,8208.0,267.0,8079.0,8097.0,7915.0,8025.571428571428,13948.285714283522,-108.0,-252.0,2,3,0
2023-03-30,156.0,256.0,176.0,8158.0,359.0,8208.0,8102.0,7989.0,8033.571428571428,15822.952380950223,-183.0,-357.0,3,3,0
2023-03-31,145.66666666666666,248.0,181.33333333333334,8099.0,340.6666666666667,8158.0,8017.0,7954.333333333333,8045.285714285715,16330.571428569318,-159.33333333333334,-450.33333333333337,4,3,0
2023-04-01,135.33333333333334,240.0,186.66666666666666,8040.0,322.3333333333333,8099.0,7932.0,7919.666666666667,8060.714285714285,13918.571428569368,-135.66666666666666,-478.0,5,4,1
2023-04-02,125.0,232.0,192.0,7981.0,304.0,8040.0,7847.0,7885.0,8079.857142857143,6937.809523807528,-112.0,-407.0,6,4,1
2023-04-03,118.0,139.0,168.0,8054.0,284.0,7981.0,7994.0,7931.0,8088.428571428572,5734.952380950396,-116.0,-363.66666666666663,0,4,0
2023-04-04,142.0,235.0,139.0,8068.0,259.0,8054.0,8079.0,8050.0,8086.857142857143,5786.809523807537,-120.0,-348.0,1,4,0
2023-04-05,148.0,245.0,175.0,8175.0,260.0,8068.0,8208.0,8097.0,8082.142857142857,4609.809523807523,-85.0,-321.0,2,4,0
2023-04-06,119.0,219.0,210.0,8178.0,284.0,8175.0,8158.0,8102.0,8085.0,5172.666666664662,-74.0,-279.0,3,4,0
2023-04-07,114.33333333333333,216.0,189.66666666666666,8085.333333333333,299.0,8178.0,8099.0,8017.0,8083.047619047619,5135.571428569424,-109.33333333333334,-268.33333333333337,4,4,0
2023-04-08,109.66666666666667,213.0,169.33333333333334,7992.666666666667,314.0,8085.333333333333,8040.0,7932.0,8076.285714285715,6134.830687828681,-144.66666666666666,-328.0,5,4,1
2023-04-09,105.0,210.0,149.0,7900.0,329.0,7992.666666666667,7981.0,7847.0,8064.714285714285,9644.830687828695,-180.0,-434.0,6,4,1
2023-04-10,143.0,203.0,163.0,7826.0,265.0,7900.0,8054.0,7994.0,8032.142857142857,17885.40211640018,-102.0,-426.66666666666663,0,4,0
2023-04-11,119.0,209.0,152.0,7922.0,187.0,7826.0,8068.0,8079.0,8011.285714285715,19185.497354495466,-35.0,-317.0,1,4,0
2023-04-12,155.0,212.0,181.0,7876.0,283.0,7922.0,8175.0,8208.0,7968.571428571428,15640.211640209904,-102.0,-239.0,2,4,0
2023-04-13,109.0,214.0,173.0,7795.0,370.0,7876.0,8178.0,8158.0,7913.857142857143,9858.735449733946,-197.0,-334.0,3,4,0
2023-04-14,136.33333333333334,237.0,179.33333333333334,7656.666666666667,337.3333333333333,7795.0,8085.333333333333,8099.0,7852.619047619047,11607.423280422057,-157.99999999999997,-457.0,4,4,0
2023-04-15,163.66666666666666,260.0,185.66666666666666,7518.333333333333,304.6666666666667,7656.666666666667,7992.666666666667,8040.0,7784.857142857143,21606.06878306789,-119.00000000000003,-474.0,5,4,1
2023-04-16,191.0,283.0,192.0,7380.0,272.0,7518.333333333333,7900.0,7981.0,7710.571428571428,40276.5449735444,-80.0,-357.0,6,4,1
2023-04-17,170.0,297.0,196.0,7344.0,248.0,7380.0,7826.0,8054.0,7641.714285714285,54920.16402116379,-52.0,-251.00000000000003,0,4,0
2023-04-18,152.0,272.0,214.0,7376.0,234.0,7344.0,7922.0,8068.0,7563.714285714285,46496.164021164215,-20.0,-152.0,1,4,0
2023-04-19,239.0,367.0,224.0,7356.0,229.0,7376.0,7876.0,8175.0,7489.428571428572,30995.211640212277,-5.0,-77.0,2,4,0
2023-04-20,113.0,280.0,237.0,7490.0,320.0,7356.0,7795.0,8178.0,7445.857142857143,13218.068783069722,-83.0,-108.0,3,4,0
2023-04-21,140.66666666666666,288.6666666666667,220.33333333333334,7504.666666666667,302.0,7490.0,7656.666666666667,8085.333333333333,7424.142857142857,5837.624338625416,-81.66666666666666,-169.66666666666666,4,4,0
2023-04-22,168.33333333333334,297.3333333333333,203.66666666666666,7519.333333333333,284.0,7504.666666666667,7518.333333333333,7992.666666666667,7424.285714285715,5869.164021165103,-80.33333333333334,-245.0,5,4,1
2023-04-23,196.0,306.0,187.0,7534.0,266.0,7519.333333333333,7380.0,7900.0,7446.285714285715,6983.830687831646,-79.0,-241.0,6,4,1
2023-04-24,236.0,330.0,222.0,7796.0,213.0,7534.0,7344.0,7826.0,7510.857142857143,20759.068783069426,9.0,-150.33333333333334,0,4,0
2023-04-25,81.0,230.0,242.0,8017.0,202.0,7796.0,7376.0,7922.0,7602.428571428572,50641.87830687852,40.0,-30.0,1,4,0
2023-04-26,118.0,245.0,160.0,8117.0,256.0,8017.0,7356.0,7876.0,7711.142857142857,70862.73544973525,-96.0,-47.0,2,4,0
2023-04-27,218.0,283.0,208.0,8159.0,310.0,8117.0,7490.0,7795.0,7806.714285714285,85485.16402116348,-102.0,-158.0,3,4,0
2023-04-28,189.33333333333334,269.6666666666667,199.66666666666666,8223.333333333334,304.3333333333333,8159.0,7504.666666666667,7656.666666666667,7909.380952380953,86911.08994708913,-104.66666666666666,-302.66666666666663,4,4,0
2023-04-29,160.66666666666666,256.3333333333333,191.33333333333334,8287.666666666666,298.6666666666667,8223.333333333334,7519.333333333333,7518.333333333333,8019.142857142857,71349.29100528969,-107.33333333333334,-314.0,5,4,1
2023-04-30,132.0,243.0,183.0,8352.0,293.0,8287.666666666666,7534.0,7380.0,8136.0,34656.14814814639,-110.0,-322.0,6,4,1
2023-05-01,224.0,315.0,152.0,8492.0,237.0,8352.0,7796.0,7344.0,8235.42857142857,24978.43386243182,-85.0,-302.33333333333337,0,5,0
2023-05-02,167.0,326.0,213.0,8654.0,245.0,8492.0,8017.0,7376.0,8326.42857142857,36565.76719576499,-32.0,-227.0,1,5,0
2023-05-03,209.0,353.0,232.0,8704.0,267.0,8654.0,8117.0,7356.0,8410.285714285714,44811.7195767172,-35.0,-152.0,2,5,0
2023-05-04,153.0,253.0,286.0,8790.0,332.0,8704.0,8159.0,7490.0,8500.42857142857,48838.10052909792,-46.0,-113.0,3,5,0
2023-05-05,162.0,281.0,263.6666666666667,8688.333333333334,346.3333333333333,8790.0,8223.333333333334,7504.666666666667,8566.857142857143,36777.62433862159,-82.66666666666663,-163.66666666666663,4,5,0
2023-05-06,171.0,309.0,241.33333333333334,8586.666666666666,360.6666666666667,8688.333333333334,8287.666666666666,7519.333333333333,8609.57142857143,21723.21164020865,-119.33333333333334,-247.99999999999997,5,5,1
2023-05-07,180.0,337.0,219.0,8485.0,375.0,8586.666666666666,8352.0,7534.0,8628.57142857143,12831.211640208634,-156.0,-358.0,6,5,1
2023-05-08,133.0,287.0,189.0,8590.0,261.0,8485.0,8492.0,7796.0,8642.57142857143,9741.87830687528,-72.0,-347.33333333333337,0,5,0
2023-05-09,187.0,310.0,247.0,8606.0,250.0,8590.0,8654.0,8017.0,8635.714285714286,9888.164021161008,-3.0,-231.0,1,5,0
2023-05-10,168.0,285.0,210.0,8681.0,304.0,8606.0,8704.0,8117.0,8632.42857142857,9440.211640208627,-94.0,-169.0,2,5,0
2023-05-11,269.0,412.0,204.0,8672.0,392.0,8681.0,8790.0,8159.0,8615.57142857143,5231.544973542005,-188.0,-285.0,3,5,0
2023-05-12,212.66666666666666,359.6666666666667,214.66666666666666,8596.333333333334,357.3333333333333,8672.0,8688.333333333334,8223.333333333334,8602.42857142857,4209.322751319788,-142.66666666666666,-424.66666666666663,4,5,0
2023-05-13,156.33333333333331,307.3333333333333,225.33333333333334,8520.666666666666,322.6666666666667,8596.333333333334,8586.666666666666,8287.666666666666,8593.0,5178.370370367426,-97.33333333333334,-428.0,5,5,1
2023-05-14,100.0,255.0,236.0,8445.0,288.0,8520.666666666666,8485.0,8352.0,8587.285714285714,6846.941798938841,-52.0,-292.0,6,5,1
2023-05-15,205.0,294.0,177.0,8571.0,277.0,8445.0,8590.0,8492.0,8584.57142857143,6881.322751319786,-100.0,-249.33333333333334,0,5,0
2023-05-16,161.0,304.0,211.0,8572.0,272.0,8571.0,8606.0,8654.0,8579.714285714286,6803.608465605485,-61.0,-213.0,1,5,0
2023-05-17,57.0,162.0,193.0,8569.0,307.0,8572.0,8681.0,8704.0,8563.714285714286,4814.275132272109,-114.0,-275.0,2,5,0
2023-05-18,80.0,122.0,152.0,8474.0,351.0,8569.0,8672.0,8790.0,8535.42857142857,3267.9894179862677,-199.0,-374.0,3,5,0
2023-05-19,89.0,138.0,145.66666666666666,8258.0,348.3333333333333,8474.0,8596.333333333334,8688.333333333334,8487.095238095239,12752.06349205996,-202.66666666666666,-515.6666666666666,4,5,0
2023-05-20,98.0,154.0,139.33333333333334,8042.0,345.6666666666667,8258.0,8520.666666666666,8586.666666666666,8418.714285714286,40127.238095234075,-206.33333333333334,-608.0,5,5,1
2023-05-21,107.0,170.0,133.0,7826.0,343.0,8042.0,8445.0,8485.0,8330.285714285714,89440.90476190024,-210.0,-619.0,6,5,1
2023-05-22,99.0,156.0,139.0,7848.0,240.0,7826.0,8571.0,8590.0,8227.0,106104.33333332831,-101.0,-517.3333333333334,0,5,0
2023-05-23,25.0,66.0,94.0,7788.0,246.0,7848.0,8572.0,8606.0,8115.0,103752.33333332786,-152.0,-463.0,1,5,0
2023-05-24,35.0,70.0,53.0,7709.0,276.0,7788.0,8569.0,8681.0,7992.142857142857,79262.80952380352,-223.0,-476.0,2,5,0
2023-05-25,43.0,73.0,64.0,7546.0,408.0,7709.0,8474.0,8672.0,7859.571428571428,53234.61904761244,-344.0,-719.0,3,5,0
2023-05-26,42.5,69.75,65.75,7408.5,357.75,7546.0,8258.0,8596.333333333334,7738.214285714285,43505.82142856423,-292.0,-859.0,4,5,0
2023-05-27,42.0,66.5,67.5,7271.0,307.5,7408.5,8042.0,8520.666666666666,7628.071428571428,50353.03571427785,-240.0,-876.0,5,5,1
2023-05-28,41.5,63.25,69.25,7133.5,257.25,7271.0,7826.0,8445.0,7529.142857142857,73172.55952380101,-188.0,-720.0,6,5,1
2023-05-29,41.0,60.0,71.0,6996.0,207.0,7133.5,7848.0,8571.0,7407.428571428572,86317.70238094297,-136.0,-564.0,0,5,0
2023-05-30,65.0,83.0,65.0,7046.0,168.0,6996.0,7788.0,8572.0,7301.428571428572,70841.70238094214,-103.0,-427.0,1,5,0
2023-05-31,38.0,80.0,82.0,7053.0,210.0,7046.0,7709.0,8569.0,7207.714285714285,43195.98809522714,-128.0,-367.0,2,5,0
2023-06-01,56.0,82.0,68.0,7002.0,287.0,7053.0,7546.0,8474.0,7130.0,24130.083333321778,-219.0,-450.0,3,6,0
2023-06-02,62.0,89.0,72.0,6853.0,288.6666666666667,7002.0,7408.5,8258.0,7050.642857142857,16644.059523797347,-216.66666666666669,-563.6666666666667,4,6,0
2023-06-03,68.0,96.0,76.0,6704.0,290.3333333333333,6853.0,7271.0,8042.0,6969.642857142857,20923.559523796794,-214.33333333333331,-650.0,5,6,1
2023-06-04,74.0,103.0,80.0,6555.0,292.0,6704.0,7133.5,7826.0,6887.0,37135.33333332008,-212.0,-643.0,6,6,1
2023-06-05,68.0,107.0,102.0,6523.0,189.0,6555.0,6996.0,7848.0,6819.428571428572,51910.95238093872,-87.0,-513.3333333333333,0,6,0
2023-06-06,92.0,124.0,93.0,6508.0,187.0,6523.0,7046.0,7788.0,6742.571428571428,52628.285714271544,-94.0,-393.0,1,6,0
2023-06-07,113.0,162.0,107.0,6483.0,208.0,6508.0,7053.0,7709.0,6661.142857142857,40061.142857128165,-101.0,-282.0,2,6,0
2023-06-08,106.0,196.0,131.0,6446.0,255.0,6483.0,7002.0,7546.0,6581.714285714285,21051.23809522291,-124.0,-319.0,3,6,0
2023-06-09,99.33333333333333,181.33333333333334,143.33333333333334,6299.666666666667,249.33333333333334,6446.0,6853.0,7408.5,6502.666666666666,14753.777777762143,-106.0,-331.0,4,6,0
2023-06-10,92.66666666666667,166.66666666666666,155.66666666666666,6153.333333333333,243.66666666666666,6299.666666666667,6704.0,7271.0,6424.0,21117.03703702104,-88.0,-318.0,5,6,1
2023-06-11,86.0,152.0,168.0,6007.0,238.0,6153.333333333333,6555.0,7133.5,6345.714285714285,40088.27513225876,-70.0,-264.0,6,6,1
2023-06-12,84.0,118.0,136.0,6021.0,177.0,6007.0,6523.0,6996.0,6274.0,46423.03703702032,-41.0,-199.0,0,6,0
2023-06-13,59.0,64.0,117.0,6061.0,146.0,6021.0,6508.0,7046.0,6210.142857142857,40101.179894162946,-29.0,-140.0,1,6,0
2023-06-14,62.0,97.0,52.0,6065.0,167.0,6061.0,6483.0,7053.0,6150.428571428572,27043.65608463896,-115.0,-185.0,2,6,0
2023-06-15,91.0,75.0,97.0,6038.0,272.0,6065.0,6446.0,7002.0,6092.142857142857,10626.51322749584,-175.0,-319.0,3,6,0
2023-06-16,75.5,69.0,75.5,5948.25,239.5,6038.0,6299.666666666667,6853.0,6041.940476190476,3959.358134902975,-164.0,-454.0,4,6,0
2023-06-17,60.0,63.0,54.0,5858.5,207.0,5948.25,6153.333333333333,6704.0,5999.821428571428,5430.014880934563,-153.0,-492.0,5,6,1
2023-06-18,44.5,57.0,32.5,5768.75,174.5,5858.5,6007.0,6555.0,5965.785714285715,12968.925595220157,-142.0,-459.0,6,6,1
2023-06-19,29.0,51.0,11.0,5679.0,142.0,5768.75,6021.0,6523.0,5916.928571428572,23383.639880934334,-131.0,-426.0,0,6,0
2023-06-20,33.0,53.0,34.0,5904.0,134.0,5679.0,6061.0,6508.0,5894.5,19365.187499981916,-100.0,-373.0,1,6,0
2023-06-21,93.0,196.0,169.0,5922.0,149.0,5904.0,6065.0,6483.0,5874.071428571428,14159.306547600916,20.0,-211.0,2,6,0
2023-06-22,124.0,234.0,161.0,5956.0,207.0,5922.0,6038.0,6446.0,5862.357142857143,10639.163690458028,-46.0,-126.0,3,6,0
2023-06-23,113.33333333333333,223.66666666666666,165.0,5892.666666666667,225.66666666666666,5956.0,5948.25,6299.666666666667,5854.416666666666,9489.118055537385,-60.66666666666666,-86.66666666666666,4,6,0
2023-06-24,102.66666666666667,213.33333333333334,169.0,5829.333333333333,244.33333333333334,5892.666666666667,5858.5,6153.333333333333,5850.25,9570.946759241086,-75.33333333333334,-182.0,5,6,1
2023-06-25,92.0,203.0,173.0,5766.0,263.0,5829.333333333333,5768.75,6007.0,5849.857142857143,9646.735449717278,-90.0,-226.0,6,6,1
2023-06-26,186.0,259.0,172.0,5819.0,174.0,5766.0,5679.0,6021.0,5869.857142857143,4473.402116383983,-2.0,-167.33333333333334,0,6,0
2023-06-27,154.0,225.0,220.0,5917.0,155.0,5819.0,5904.0,6061.0,5871.714285714285,4645.497354479222,65.0,-27.0,1,6,0
2023-06-28,91.0,199.0,172.0,5999.0,174.0,5917.0,5922.0,6065.0,5882.714285714285,6783.164021145897,-2.0,61.0,2,6,0
2023-06-29,81.0,213.0,153.0,6058.0,213.0,5999.0,5956.0,6038.0,5897.285714285715,10761.164021145878,-60.0,3.0,3,6,0
2023-06-30,123.66666666666666,237.0,163.33333333333334,6006.333333333333,245.0,6058.0,5892.666666666667,5948.25,5913.52380952381,12431.883597865448,-81.66666666666666,-143.66666666666666,4,6,0
2023-07-01,166.33333333333331,261.0,173.66666666666666,5954.666666666667,277.0,6006.333333333333,5829.333333333333,5858.5,5931.428571428572,11158.656084637953,-103.33333333333334,-245.0,5,7,1
2023-07-02,209.0,285.0,184.0,5903.0,309.0,5954.666666666667,5766.0,5768.75,5951.0,6285.370370352273,-125.0,-310.0,6,7,1
2023-07-03,196.5,299.5,200.5,6015.0,216.5,5903.0,5819.0,5679.0,5979.0,3149.370370352328,-16.0,-244.33333333333334,0,7,0
2023-07-04,184.0,314.0,217.0,6127.0,124.0,6015.0,5917.0,5904.0,6009.0,5109.370370352396,93.0,-48.0,1,7,0
2023-07-05,107.0,215.0,230.0,6193.0,167.0,6127.0,5999.0,5922.0,6036.714285714285,9839.275132257188,63.0,140.0,2,7,0
2023-07-06,101.0,162.0,178.0,6239.0,205.0,6193.0,6058.0,5956.0,6062.571428571428,15803.65608463816,-27.0,129.0,3,7,0
2023-07-07,100.33333333333333,171.33333333333334,177.33333333333334,6230.666666666667,202.0,6239.0,6006.333333333333,5892.666666666667,6094.619047619047,18787.64550262759,-24.666666666666657,11.333333333333343,4,7,0
2023-07-08,99.66666666666667,180.66666666666666,176.66666666666666,6222.333333333333,199.0,6230.666666666667,5954.666666666667,5829.333333333333,6132.857142857143,16535.84656082865,-22.333333333333343,-74.0,5,7,1
2023-07-09,99.0,190.0,176.0,6214.0,196.0,6222.333333333333,5903.0,5766.0,6177.285714285715,6524.608465590526,-20.0,-67.0,6,7,1
2023-07-10,167.0,239.0,166.0,6346.0,163.0,6214.0,6015.0,5819.0,6224.571428571428,4270.656084638086,3.0,-39.33333333333334,0,7,0
2023-07-11,115.0,216.0,169.0,6498.0,143.0,6346.0,6127.0,5917.0,6277.571428571428,11867.322751304673,26.0,9.0,1,7,0
2023-07-12,84.0,158.0,193.0,6521.0,210.0,6498.0,6193.0,5999.0,6324.428571428572,17989.98941797123,-17.0,12.0,2,7,0
2023-07-13,130.0,227.0,192.0,6604.0,226.0,6521.0,6239.0,6058.0,6376.571428571428,26628.322751304444,-34.0,-25.0,3,7,0
2023-07-14,116.0,222.66666666666666,181.33333333333334,6558.666666666667,223.33333333333334,6604.0,6230.666666666667,6006.333333333333,6423.428571428572,26045.211640193284,-42.0,-93.0,4,7,0
2023-07-15,102.0,218.33333333333334,170.66666666666666,6513.333333333333,220.66666666666666,6558.666666666667,6222.333333333333,5954.666666666667,6465.0,18636.259259240793,-50.0,-126.0,5,7,1
2023-07-16,88.0,214.0,160.0,6468.0,218.0,6513.333333333333,6214.0,5903.0,6501.285714285715,6601.497354478824,-58.0,-150.0,6,7,1
2023-07-17,113.0,208.0,159.0,6632.0,160.0,6468.0,6346.0,6015.0,6542.142857142857,3482.7354497168835,-1.0,-109.0,0,7,0
2023-07-18,174.0,285.0,150.0,6874.0,181.0,6632.0,6498.0,6127.0,6595.857142857143,18146.735449716765,-31.0,-90.0,1,7,0
2023-07-19,104.0,230.0,206.0,7001.0,226.0,6874.0,6521.0,6193.0,6664.428571428572,39083.878306859435,-20.0,-52.0,2,7,0
2023-07-20,147.0,276.0,214.0,7116.0,281.0,7001.0,6604.0,6239.0,6737.571428571428,66219.8783068593,-67.0,-118.0,3,7,0
2023-07-21,134.0,257.3333333333333,213.66666666666666,7094.666666666667,279.3333333333333,7116.0,6558.666666666667,6230.666666666667,6814.142857142857,75297.84656082749,-65.66666666666666,-152.66666666666666,4,7,0
2023-07-22,121.0,238.66666666666666,213.33333333333334,7073.333333333333,277.6666666666667,7094.666666666667,6513.333333333333,6222.333333333333,6894.142857142857,63946.73544971622,-64.33333333333334,-197.0,5,7,1
2023-07-23,108.0,220.0,213.0,7052.0,276.0,7073.333333333333,6468.0,6214.0,6977.571428571428,29713.21164019225,-63.0,-193.0,6,7,1
2023-07-24,180.0,280.0,146.0,7220.0,187.0,7052.0,6632.0,6346.0,7061.571428571428,11373.211640192072,-41.0,-168.33333333333334,0,7,0
2023-07-25,134.0,294.0,186.0,7510.0,136.0,7220.0,6874.0,6498.0,7152.428571428572,29393.21164019198,50.0,-54.0,1,7,0
2023-07-26,202.0,313.0,158.0,7647.0,215.0,7510.0,7001.0,6521.0,7244.714285714285,56402.164021144294,-57.0,-48.0,2,7,0
2023-07-27,110.0,272.0,193.0,7754.0,259.0,7647.0,7116.0,6604.0,7335.857142857143,87178.06878304899,-66.0,-73.0,3,7,0
2023-07-28,128.66666666666666,273.6666666666667,205.0,7726.333333333333,274.3333333333333,7754.0,7094.666666666667,6558.666666666667,7426.0952380952385,93394.47089945104,-69.33333333333331,-192.33333333333331,4,7,0
2023-07-29,147.33333333333334,275.3333333333333,217.0,7698.666666666667,289.6666666666667,7726.333333333333,7073.333333333333,6513.333333333333,7515.428571428572,75726.32275130275,-72.66666666666669,-208.0,5,7,1
2023-07-30,166.0,277.0,229.0,7671.0,305.0,7698.666666666667,7052.0,6468.0,7603.857142857143,34842.84656082634,-76.0,-218.0,6,7,1
2023-07-31,136.0,276.0,178.0,7800.0,220.0,7671.0,7220.0,6632.0,7686.714285714285,8687.608465588,-42.0,-190.66666666666669,0,7,0
2023-08-01,87.0,246.0,173.0,8103.0,168.0,7800.0,7510.0,6874.0,7771.428571428572,23992.6560846354,5.0,-113.0,1,8,0
2023-08-02,84.0,171.0,157.0,8261.0,271.0,8103.0,7647.0,7001.0,7859.142857142857,52382.8465608257,-114.0,-151.0,2,8,0
2023-08-03,167.0,209.0,157.0,8294.0,339.0,8261.0,7754.0,7116.0,7936.285714285715,75114.27513225407,-182.0,-291.0,3,8,0
2023-08-04,147.66666666666666,221.0,157.66666666666666,8295.333333333334,333.3333333333333,8294.0,7726.333333333333,7094.666666666667,8017.571428571428,81544.87830685703,-175.66666666666666,-471.66666666666663,4,8,0
2023-08-05,128.33333333333334,233.0,158.33333333333334,8296.666666666666,327.6666666666667,8295.333333333334,7698.666666666667,7073.333333333333,8103.0,69062.81481479316,-169.33333333333334,-527.0,5,8,1
2023-08-06,109.0,245.0,159.0,8298.0,322.0,8296.666666666666,7671.0,7052.0,8192.57142857143,34936.10052907855,-163.0,-508.0,6,8,1
2023-08-07,156.0,256.0,176.0,8493.0,202.0,8298.0,7800.0,7220.0,8291.57142857143,12859.10052907846,-26.0,-358.33333333333337,0,8,0
2023-08-08,125.0,232.0,192.0,8725.0,207.0,8493.0,8103.0,7510.0,8380.42857142857,29031.100529078485,-15.0,-204.0,1,8,0
2023-08-09,118.0,139.0,168.0,8888.0,251.0,8725.0,8261.0,7647.0,8470.0,60231.81481479304,-83.0,-124.0,2,8,0
2023-08-10,142.0,235.0,139.0,8914.0,353.0,8888.0,8294.0,7754.0,8558.57142857143,78772.76719574566,-214.0,-312.0,3,8,0
2023-08-11,143.0,236.66666666666666,145.0,9034.0,342.1666666666667,8914.0,8295.333333333334,7726.333333333333,8664.095238095239,91904.61904759782,-197.16666666666669,-494.1666666666667,4,8,0
2023-08-12,144.0,238.33333333333334,151.0,9154.0,331.3333333333333,9034.0,8296.666666666666,7698.666666666667,8786.57142857143,91904.61904759808,-180.33333333333331,-591.5,5,8,1
2023-08-13,145.0,240.0,157.0,9274.0,320.5,9154.0,8298.0,7671.0,8926.0,69038.33333331284,-163.5,-541.0,6,8,1
2023-08-14,146.0,241.66666666666666,163.0,9394.0,309.6666666666667,9274.0,8493.0,7800.0,9054.714285714286,54965.57142855149,-146.66666666666669,-490.5,0,8,0
2023-08-15,147.0,243.33333333333334,169.0,9514.0,298.8333333333333,9394.0,8725.0,8103.0,9167.42857142857,57182.28571426632,-129.83333333333331,-440.0,1,8,0
2023-08-16,148.0,245.0,175.0,9634.0,288.0,9514.0,8888.0,8261.0,9274.0,67199.99999998139,-113.0,-389.5,2,8,0
2023-08-17,119.0,219.0,210.0,9694.0,407.0,9634.0,8914.0,8294.0,9385.42857142857,60514.28571426792,-197.0,-439.8333333333333,3,8,0
2023-08-18,114.33333333333333,216.0,189.66666666666666,9623.666666666666,401.3333333333333,9694.0,9034.0,8295.333333333334,9469.666666666668,41111.44444442717,-211.66666666666666,-521.6666666666666,4,8,0
2023-08-19,109.66666666666667,213.0,169.33333333333334,9553.333333333334,395.6666666666667,9623.666666666666,9154.0,8296.666666666666,9526.714285714286,21873.719576702595,-226.33333333333334,-635.0,5,8,1
2023-08-20,105.0,210.0,149.0,9483.0,390.0,9553.333333333334,9274.0,8298.0,9556.57142857143,10508.100529083631,-241.0,-679.0,6,8,1
2023-08-21,143.0,203.0,163.0,9668.0,281.0,9483.0,9394.0,8493.0,9595.714285714286,6385.052910036086,-118.0,-585.3333333333334,0,8,0
2023-08-22,119.0,209.0,152.0,9921.0,230.0,9668.0,9514.0,8725.0,9653.857142857143,18963.291005274354,-78.0,-437.0,1,8,0
2023-08-23,155.0,212.0,181.0,10071.0,285.0,9921.0,9634.0,8888.0,9716.285714285714,43352.052910036575,-104.0,-300.0,2,8,0
2023-08-24,109.0,214.0,173.0,10026.0,443.0,10071.0,9694.0,8914.0,9763.714285714286,56632.052910036924,-270.0,-452.0,3,8,0
2023-08-25,136.33333333333334,237.0,179.33333333333334,9975.0,458.0,10026.0,9623.666666666666,9034.0,9813.904761904763,57864.50793649235,-278.66666666666663,-652.6666666666666,4,8,0
2023-08-26,163.66666666666666,260.0,185.66666666666666,9924.0,473.0,9975.0,9553.333333333334,9154.0,9866.857142857143,45297.14285712783,-287.33333333333337,-836.0,5,8,1
2023-08-27,191.0,283.0,192.0,9873.0,488.0,9924.0,9483.0,9274.0,9922.57142857143,17124.285714271165,-296.0,-862.0,6,8,1
2023-08-28,170.0,297.0,196.0,10012.0,388.0,9873.0,9668.0,9394.0,9971.714285714286,4838.571428557418,-192.0,-775.3333333333334,0,8,0
2023-08-29,152.0,272.0,214.0,10180.0,286.0,10012.0,9921.0,9514.0,10008.714285714286,10043.238095224522,-72.0,-560.0,1,8,0
2023-08-30,239.0,367.0,224.0,10280.0,366.0,10180.0,10071.0,9634.0,10038.57142857143,20622.619047605778,-142.0,-406.0,2,8,0
2023-08-31,113.0,280.0,237.0,10140.0,505.0,10280.0,10026.0,9694.0,10054.857142857143,22001.476190463116,-268.0,-482.0,3,8,0
2023-09-01,133.75,286.5,224.5,10102.0,452.0,10140.0,9975.0,9623.666666666666,10073.0,20924.999999987147,-227.5,-637.5,4,9,0
2023-09-02,154.5,293.0,212.0,10064.0,399.0,10102.0,9924.0,9553.333333333334,10093.0,16771.666666654073,-187.0,-682.5,5,9,1
2023-09-03,175.25,299.5,199.5,10026.0,346.0,10064.0,9873.0,9483.0,10114.857142857143,8895.809523797207,-146.5,-561.0,6,9,1
2023-09-04,196.0,306.0,187.0,9988.0,293.0,10026.0,10012.0,9668.0,10111.42857142857,9800.952380940043,-106.0,-439.5,0,9,0
2023-09-05,236.0,330.0,222.0,10142.0,243.0,9988.0,10180.0,9921.0,10106.0,9138.66666665428,-21.0,-273.5,1,9,0
2023-09-06,81.0,230.0,242.0,10356.0,291.0,10142.0,10280.0,10071.0,10116.857142857143,14371.80952379736,-49.0,-176.0,2,9,0
2023-09-07,118.0,245.0,160.0,10419.0,398.0,10356.0,10140.0,10026.0,10156.714285714286,27644.238095226534,-238.0,-308.0,3,9,0
2023-09-08,151.33333333333334,257.6666666666667,176.0,10373.333333333334,392.6666666666667,10419.0,10102.0,9975.0,10195.476190476189,33213.03174602087,-216.66666666666669,-503.6666666666667,4,9,0
2023-09-09,184.66666666666669,270.3333333333333,192.0,10327.666666666666,387.3333333333333,10373.333333333334,10064.0,9924.0,10233.142857142857,31589.179894169556,-195.33333333333331,-650.0,5,9,1
2023-09-10,218.0,283.0,208.0,10282.0,382.0,10327.666666666666,10026.0,9873.0,10269.714285714286,23275.27513226526,-174.0,-586.0,6,9,1
2023-09-11,132.0,243.0,183.0,10492.0,277.0,10282.0,9988.0,10012.0,10341.714285714286,12235.275132266108,-94.0,-463.3333333333333,0,9,0
2023-09-12,224.0,315.0,152.0,10649.0,316.0,10492.0,10142.0,10180.0,10414.142857142857,15204.846560838303,-164.0,-432.0,1,9,0
2023-09-13,167.0,326.0,213.0,10678.0,343.0,10649.0,10356.0,10280.0,10460.142857142857,23776.179894172066,-130.0,-388.0,2,9,0
2023-09-14,209.0,353.0,232.0,10837.0,414.0,10678.0,10419.0,10140.0,10519.857142857143,43004.17989417252,-182.0,-476.0,3,9,0
2023-09-15,190.33333333333334,319.6666666666667,250.0,10824.333333333334,418.3333333333333,10837.0,10373.333333333334,10102.0,10584.285714285714,50034.05291004618,-168.33333333333331,-480.3333333333333,4,9,0
2023-09-16,171.66666666666666,286.3333333333333,268.0,10811.666666666666,422.6666666666667,10824.333333333334,10327.666666666666,10064.0,10653.42857142857,42097.98941798324,-154.66666666666669,-505.0,5,9,1
2023-09-17,153.0,253.0,286.0,10799.0,427.0,10811.666666666666,10282.0,10026.0,10727.285714285714,16272.608465603023,-141.0,-464.0,6,9,1
2023-09-18,180.0,337.0,219.0,10892.0,313.0,10799.0,10492.0,9988.0,10784.42857142857,7758.322751317904,-94.0,-389.6666666666667,0,9,0
2023-09-19,133.0,287.0,189.0,11095.0,260.0,10892.0,10649.0,10142.0,10848.142857142857,16041.179894175699,-71.0,-306.0,1,9,0
2023-09-20,187.0,310.0,247.0,11064.0,364.0,11095.0,10678.0,10356.0,10903.285714285714,15434.608465604673,-117.0,-282.0,2,9,0
2023-09-21,168.0,285.0,210.0,11067.0,428.0,11064.0,10837.0,10419.0,10936.142857142857,17909.84656084295,-218.0,-406.0,3,9,0
2023-09-22,201.66666666666666,327.3333333333333,208.0,10959.333333333334,419.6666666666667,11067.0,10824.333333333334,10373.333333333334,10955.42857142857,15481.989417985924,-211.66666666666669,-546.6666666666667,4,9,0
2023-09-23,235.33333333333331,369.6666666666667,206.0,10851.666666666666,411.3333333333333,10959.333333333334,10811.666666666666,10327.666666666666,10961.142857142857,13793.735449731985,-205.33333333333331,-635.0,5,9,1
2023-09-24,269.0,412.0,204.0,10744.0,403.0,10851.666666666666,10799.0,10282.0,10953.285714285714,17198.49735449384,-199.0,-616.0,6,9,1
2023-09-25,100.0,255.0,236.0,10842.0,284.0,10744.0,10892.0,10492.0,10946.142857142857,18577.06878306519,-48.0,-452.3333333333333,0,9,0
2023-09-26,205.0,294.0,177.0,10978.0,332.0,10842.0,11095.0,10649.0,10929.42857142857,14727.211640207895,-155.0,-402.0,1,9,0
2023-09-27,161.0,304.0,211.0,11017.0,331.0,10978.0,11064.0,10678.0,10922.714285714286,12934.497354493547,-120.0,-323.0,2,9,0
2023-09-28,57.0,162.0,193.0,10984.0,447.0,11017.0,11067.0,10837.0,10910.857142857143,9926.735449731506,-254.0,-529.0,3,9,0
2023-09-29,64.66666666666667,148.66666666666666,179.33333333333334,10855.333333333334,462.3333333333333,10984.0,10959.333333333334,10824.333333333334,10896.0,9791.370370366229,-283.0,-657.0,4,9,0
2023-09-30,72.33333333333333,135.33333333333334,165.66666666666666,10726.666666666666,477.6666666666667,10855.333333333334,10851.666666666666,10811.666666666666,10878.142857142857,13870.735449731108,-312.0,-849.0,5,9,1
2023-10-01,80.0,122.0,152.0,10598.0,493.0,10726.666666666666,10744.0,10799.0,10857.285714285714,23444.164021159377,-341.0,-936.0,6,10,1
2023-10-02,107.0,170.0,133.0,10724.0,284.0,10598.0,10842.0,10892.0,10840.42857142857,26034.54497354009,-151.0,-804.0,0,10,0
2023-10-03,99.0,156.0,139.0,10818.0,287.0,10724.0,10978.0,11095.0,10817.57142857143,22354.544973539756,-148.0,-640.0,1,10,0
2023-10-04,25.0,66.0,94.0,10963.0,330.0,10818.0,11017.0,11064.0,10809.857142857143,19181.402116396792,-236.0,-535.0,2,10,0
2023-10-05,35.0,70.0,53.0,11130.0,427.0,10963.0,10984.0,11067.0,10830.714285714286,30701.49735449236,-374.0,-758.0,3,10,0
2023-10-06,37.0,70.75,55.75,11051.25,390.75,11130.0,10855.333333333334,10959.333333333334,10858.70238095238,37792.59226190029,-335.0,-945.0,4,10,0
2023-10-07,39.0,71.5,58.5,10972.5,354.5,11051.25,10726.666666666666,10851.666666666666,10893.82142857143,35606.43154761525,-296.0,-1005.0,5,10,1
2023-10-08,41.0,72.25,61.25,10893.75,318.25,10972.5,10598.0,10744.0,10936.07142857143,18938.806547616045,-257.0,-888.0,6,10,1
2023-10-09,43.0,73.0,64.0,10815.0,282.0,10893.75,10724.0,10842.0,10949.07142857143,13688.973214282962,-218.0,-771.0,0,10,0
2023-10-10,41.0,60.0,71.0,10910.0,257.0,10815.0,10818.0,10978.0,10962.214285714286,10878.592261902262,-186.0,-661.0,1,10,0
2023-10-11,65.0,83.0,65.0,10960.0,266.0,10910.0,10963.0,11017.0,10961.785714285714,10879.092261902255,-201.0,-605.0,2,10,0
2023-10-12,38.0,80.0,82.0,10992.0,398.0,10960.0,11130.0,10984.0,10942.07142857143,5861.806547616107,-316.0,-703.0,3,10,0
2023-10-13,44.0,80.66666666666667,77.33333333333333,10851.666666666666,410.0,10992.0,11051.25,10855.333333333334,10913.559523809525,4288.899801583729,-332.6666666666667,-849.6666666666667,4,10,0
2023-10-14,50.0,81.33333333333333,72.66666666666667,10711.333333333334,422.0,10851.666666666666,10972.5,10726.666666666666,10876.25,8901.80787036583,-349.3333333333333,-998.0,5,10,1
2023-10-15,56.0,82.0,68.0,10571.0,434.0,10711.333333333334,10893.75,10598.0,10830.142857142857,21900.17989417419,-366.0,-1048.0,6,10,1
2023-10-16,74.0,103.0,80.0,10629.0,331.0,10571.0,10815.0,10724.0,10803.57142857143,27781.32275131632,-251.0,-966.3333333333333,0,10,0
2023-10-17,68.0,107.0,102.0,10630.0,315.0,10629.0,10910.0,10818.0,10763.57142857143,29047.98941798187,-213.0,-830.0,1,10,0
2023-10-18,92.0,124.0,93.0,10511.0,393.0,10630.0,10960.0,10963.0,10699.42857142857,28449.322751313422,-300.0,-764.0,2,10,0
2023-10-19,113.0,162.0,107.0,10319.0,406.0,10511.0,10992.0,11130.0,10603.285714285714,27519.941798929893,-299.0,-812.0,3,10,0
2023-10-20,110.66666666666667,173.33333333333334,115.0,10048.0,422.0,10319.0,10851.666666666666,11051.25,10488.476190476193,53250.03174601695,-307.0,-906.0,4,10,0
2023-10-21,108.33333333333333,184.66666666666666,123.0,9777.0,438.0,10048.0,10711.333333333334,10972.5,10355.0,108553.66666664853,-315.0,-921.0,5,10,1
2023-10-22,106.0,196.0,131.0,9506.0,454.0,9777.0,10571.0,10893.75,10202.857142857143,193905.80952378755,-323.0,-945.0,6,10,1
2023-10-23,86.0,152.0,168.0,9436.0,327.0,9506.0,10629.0,10815.0,10032.42857142857,227764.28571425963,-159.0,-797.0,0,10,0
2023-10-24,84.0,118.0,136.0,9396.0,300.0,9436.0,10630.0,10910.0,9856.142857142857,199499.80952377917,-164.0,-646.0,1,10,0
2023-10-25,59.0,64.0,117.0,9351.0,293.0,9396.0,10511.0,10960.0,9690.42857142857,138516.9523809177,-176.0,-499.0,2,10,0
2023-10-26,62.0,97.0,52.0,9235.0,390.0,9351.0,10319.0,10992.0,9535.57142857143,79258.28571424686,-338.0,-678.0,3,10,0
2023-10-27,71.66666666666667,89.66666666666667,67.0,9131.666666666666,399.3333333333333,9235.0,10048.0,10851.666666666666,9404.666666666668,42692.22222217988,-332.3333333333333,-846.3333333333333,4,10,0
2023-10-28,81.33333333333333,82.33333333333333,82.0,9028.333333333334,408.6666666666667,9131.666666666666,9777.0,10711.333333333334,9297.714285714286,29846.052910007787,-326.6666666666667,-997.0,5,10,1
2023-10-29,91.0,75.0,97.0,8925.0,418.0,9028.333333333334,9506.0,10571.0,9214.714285714286,37731.052910005725,-321.0,-980.0,6,10,1
2023-10-30,29.0,51.0,11.0,9026.0,278.0,8925.0,9436.0,10629.0,9156.142857142857,31502.95767190904,-267.0,-914.6666666666667,0,10,0
2023-10-31,33.0,53.0,34.0,9072.0,295.0,9026.0,9396.0,10630.0,9109.857142857143,20594.95767190782,-261.0,-849.0,1,10,0
2023-11-01,132.0,235.0,197.0,9250.0,279.0,9072.0,9351.0,10511.0,9095.42857142857,13933.767195717004,-82.0,-610.0,2,11,0
2023-11-02,174.0,208.0,256.0,9442.0,330.0,9250.0,9235.0,10319.0,9125.0,29685.48148143204,-74.0,-417.0,3,11,0
2023-11-03,157.0,215.33333333333334,226.33333333333334,9385.666666666666,343.3333333333333,9442.0,9131.666666666666,10048.0,9161.285714285714,39466.497354448824,-116.99999999999997,-273.0,4,11,0
2023-11-04,140.0,222.66666666666666,196.66666666666666,9329.333333333334,356.6666666666667,9385.666666666666,9028.333333333334,9777.0,9204.285714285714,39069.941798894484,-160.00000000000003,-351.0,5,11,1
2023-11-05,123.0,230.0,167.0,9273.0,370.0,9329.333333333334,8925.0,9506.0,9254.0,23973.370370324414,-203.0,-480.0,6,11,1
2023-11-06,123.0,233.0,159.0,9286.0,316.0,9273.0,9026.0,9436.0,9291.142857142857,13870.513227468362,-157.0,-520.0,0,11,0
2023-11-07,141.0,232.0,188.0,9483.0,231.0,9286.0,9072.0,9396.0,9349.857142857143,7979.513227470127,-43.0,-403.0,1,11,0
2023-11-08,158.0,226.0,191.0,9634.0,310.0,9483.0,9250.0,9351.0,9404.714285714286,16262.941798900283,-119.0,-319.0,2,11,0
2023-11-09,142.5,209.5,201.5,9594.75,310.75,9634.0,9442.0,9235.0,9426.535714285714,21494.62929890095,-109.25,-271.25,3,11,0
2023-11-10,127.0,193.0,212.0,9555.5,311.5,9594.75,9385.666666666666,9131.666666666666,9450.79761904762,23301.46726186467,-99.5,-327.75,4,11,0
2023-11-11,111.5,176.5,222.5,9516.25,312.25,9555.5,9329.333333333334,9028.333333333334,9477.5,20724.68749996075,-89.75,-298.5,5,11,1
2023-11-12,96.0,160.0,233.0,9477.0,313.0,9516.25,9273.0,8925.0,9506.642857142857,12763.830357104498,-80.0,-269.25,6,11,1
2023-11-13,141.0,173.0,129.0,9510.0,287.0,9477.0,9286.0,9026.0,9538.642857142857,3457.1636904388015,-158.0,-327.75,0,11,0
2023-11-14,116.0,181.0,182.0,9665.0,247.0,9510.0,9483.0,9072.0,9564.642857142857,4813.497023772924,-65.0,-303.0,1,11,0
2023-11-15,150.0,157.0,201.0,9762.0,316.0,9665.0,9634.0,9250.0,9582.92857142857,10113.306547583032,-115.0,-338.0,2,11,0
2023-11-16,80.0,176.0,125.0,9762.0,374.0,9762.0,9594.75,9442.0,9606.82142857143,14768.431547583792,-249.0,-429.0,3,11,0
2023-11-17,92.0,180.0,138.0,9699.0,394.3333333333333,9762.0,9555.5,9385.666666666666,9627.32142857143,15255.306547584458,-256.3333333333333,-620.3333333333333,4,11,0
2023-11-18,104.0,184.0,151.0,9636.0,414.6666666666667,9699.0,9516.25,9329.333333333334,9644.42857142857,12870.285714251671,-263.6666666666667,-769.0,5,11,1
2023-11-19,116.0,188.0,164.0,9573.0,435.0,9636.0,9477.0,9273.0,9658.142857142857,8829.142857109255,-271.0,-791.0,6,11,1
2023-11-20,105.0,185.0,158.0,9638.0,298.0,9573.0,9510.0,9286.0,9676.42857142857,4848.952380919341,-140.0,-674.6666666666667,0,11,0
2023-11-21,136.0,246.0,123.0,9804.0,250.0,9638.0,9665.0,9483.0,9696.285714285714,7079.571428539009,-127.0,-538.0,1,11,0
2023-11-22,132.0,237.0,150.0,9821.0,266.5,9804.0,9762.0,9634.0,9704.714285714286,8869.238095205956,-116.5,-383.5,2,11,0
2023-11-23,128.0,228.0,177.0,9838.0,283.0,9821.0,9762.0,9594.75,9715.57142857143,11145.619047587265,-106.0,-349.5,3,11,0
2023-11-24,115.33333333333333,217.33333333333334,186.33333333333334,9840.333333333334,292.6666666666667,9838.0,9699.0,9555.5,9735.761904761905,13218.507936476803,-106.33333333333334,-328.83333333333337,4,11,0
2023-11-25,102.66666666666667,206.66666666666666,195.66666666666666,9842.666666666666,302.3333333333333,9840.333333333334,9636.0,9516.25,9765.285714285714,12447.608465578202,-106.66666666666666,-319.0,5,11,1
2023-11-26,90.0,196.0,205.0,9845.0,312.0,9842.666666666666,9573.0,9477.0,9804.142857142857,5582.846560817507,-107.0,-320.0,6,11,1
2023-11-27,56.0,82.0,68.0,10123.0,214.0,9845.0,9638.0,9510.0,9873.42857142857,12326.656084629198,-146.0,-359.66666666666663,0,11,0
2023-11-28,74.0,103.0,80.0,10223.0,223.0,10123.0,9804.0,9665.0,9933.285714285714,27709.941798916825,-143.0,-396.0,1,11,0
2023-11-29,68.0,107.0,102.0,10398.0,284.0,10223.0,9821.0,9762.0,10015.714285714286,53674.94179891922,-182.0,-471.0,2,11,0
2023-11-30,92.0,124.0,93.0,10536.0,320.0,10398.0,9838.0,9762.0,10115.42857142857,81927.32275130296,-227.0,-552.0,3,11,0
2023-12-01,105.33333333333333,161.0,127.66666666666666,10550.333333333334,352.3333333333333,10536.0,9840.333333333334,9699.0,10216.857142857143,88835.73544971843,-224.66666666666666,-633.6666666666666,4,12,0
2023-12-02,118.66666666666667,198.0,162.33333333333331,10564.666666666666,384.6666666666667,10550.333333333334,9842.666666666666,9636.0,10320.0,73249.70370368911,-222.33333333333337,-674.0,5,12,1
2023-12-03,132.0,235.0,197.0,10579.0,417.0,10564.666666666666,9845.0,9573.0,10424.857142857143,33998.179894168024,-220.0,-667.0,6,12,1
2023-12-04,174.0,208.0,256.0,10635.0,273.0,10579.0,10123.0,9638.0,10498.0,19930.37037036039,-17.0,-459.33333333333337,0,12,0
2023-12-05,123.0,230.0,167.0,10761.0,261.0,10635.0,10223.0,9804.0,10574.857142857143,11962.846560838481,-94.0,-331.0,1,12,0
2023-12-06,123.0,233.0,159.0,10832.0,376.0,10761.0,10398.0,9821.0,10636.857142857143,13285.513227506672,-217.0,-328.0,2,12,0
2023-12-07,141.0,232.0,188.0,10897.0,466.0,10832.0,10536.0,9838.0,10688.42857142857,19766.322751317566,-278.0,-589.0,3,12,0
2023-12-08,146.66666666666666,230.0,189.0,10888.333333333334,447.6666666666667,10897.0,10550.333333333334,9840.333333333334,10736.714285714286,20528.16402116024,-258.6666666666667,-753.6666666666667,4,12,0
2023-12-09,152.33333333333334,228.0,190.0,10879.666666666666,429.3333333333333,10888.333333333334,10564.666666666666,9842.666666666666,10781.714285714286,16638.164021161483,-239.33333333333331,-776.0,5,12,1
2023-12-10,158.0,226.0,191.0,10871.0,411.0,10879.666666666666,10579.0,9845.0,10823.42857142857,9087.878306876968,-220.0,-718.0,6,12,1
2023-12-11,96.0,160.0,233.0,10998.0,304.0,10871.0,10635.0,10123.0,10875.285714285714,5112.164021164107,-71.0,-530.3333333333333,0,12,0
2023-12-12,141.0,173.0,129.0,11077.0,259.0,10998.0,10761.0,10223.0,10920.42857142857,7339.211640212966,-130.0,-421.0,1,12,0
2023-12-13,116.0,181.0,182.0,11192.0,335.0,11077.0,10832.0,10398.0,10971.857142857143,15242.068783071452,-153.0,-354.0,2,12,0
2023-12-14,150.0,157.0,201.0,11242.0,396.0,11192.0,10897.0,10536.0,11021.142857142857,23637.068783072686,-195.0,-478.0,3,12,0
2023-12-15,126.66666666666667,163.33333333333334,175.66666666666666,11192.0,416.0,11242.0,10888.333333333334,10550.333333333334,11064.523809523811,23367.14285714793,-240.33333333333334,-588.3333333333334,4,12,0
2023-12-16,103.33333333333334,169.66666666666666,150.33333333333334,11142.0,436.0,11192.0,10879.666666666666,10564.666666666666,11102.0,17033.66666667264,-285.66666666666663,-721.0,5,12,1
2023-12-17,80.0,176.0,125.0,11092.0,456.0,11142.0,10871.0,10579.0,11133.57142857143,6993.952380959164,-331.0,-857.0,6,12,1
2023-12-18,116.0,188.0,164.0,11149.0,364.0,11092.0,10998.0,10635.0,11155.142857142857,3427.4761904834777,-200.0,-816.6666666666666,0,12,0
2023-12-19,105.0,185.0,158.0,11291.0,272.0,11149.0,11077.0,10761.0,11185.714285714286,4395.571428579423,-114.0,-645.0,1,12,0
2023-12-20,136.0,246.0,123.0,11516.0,390.0,11291.0,11192.0,10832.0,11232.0,20071.00000000902,-267.0,-581.0,2,12,0
2023-12-21,128.0,228.0,177.0,11375.0,497.0,11516.0,11242.0,10897.0,11251.0,23041.333333342747,-320.0,-701.0,3,12,0
2023-12-22,118.5,220.0,184.0,11317.25,459.5,11375.0,11192.0,10888.333333333334,11268.892857142857,22819.16369048598,-275.5,-862.5,4,12,0
2023-12-23,109.0,212.0,191.0,11259.5,422.0,11317.25,11142.0,10879.666666666666,11285.67857142857,19821.514880962546,-231.0,-826.5,5,12,1
2023-12-24,99.5,204.0,198.0,11201.75,384.5,11259.5,11092.0,10871.0,11301.357142857143,14456.830357153378,-186.5,-693.0,6,12,1
2023-12-25,90.0,196.0,205.0,11144.0,347.0,11201.75,11149.0,10998.0,11300.642857142857,14714.330357153345,-142.0,-559.5,0,12,0
2023-12-26,56.0,82.0,68.0,11217.0,288.0,11144.0,11291.0,11077.0,11290.07142857143,15734.473214295942,-220.0,-548.5,1,12,0
2023-12-27,74.0,103.0,80.0,11206.0,335.0,11217.0,11516.0,11192.0,11245.785714285714,6117.09226191396,-255.0,-617.0,2,12,0
2023-12-28,68.0,107.0,102.0,11230.0,357.0,11206.0,11375.0,11242.0,11225.07142857143,2875.306547627788,-255.0,-730.0,3,12,0
2023-12-29,74.0,111.25,99.75,11140.0,340.25,11230.0,11317.25,11192.0,11199.75,1917.3125000081247,-240.5,-750.5,4,12,0
2023-12-30,80.0,115.5,97.5,11050.0,323.5,11140.0,11259.5,11142.0,11169.82142857143,4014.806547626368,-226.0,-721.5,5,12,1
2023-12-31,86.0,119.75,95.25,10960.0,306.75,11050.0,11201.75,11092.0,11135.285714285714,9790.904761911055,-211.5,-678.0,6,12,1
2024-01-01,92.0,124.0,93.0,10870.0,290.0,10960.0,11144.0,11149.0,11096.142857142857,19720.142857147937,-197.0,-634.5,0,1,0
2024-01-02,113.0,162.0,107.0,10770.0,316.0,10870.0,11217.0,11291.0,11032.285714285714,30256.571428574596,-209.0,-617.5,1,1,0
2024-01-03,106.0,196.0,131.0,10718.0,263.0,10770.0,11206.0,11516.0,10962.57142857143,36019.61904762001,-132.0,-538.0,2,1,0
2024-01-04,86.0,152.0,168.0,10558.0,362.0,10718.0,11230.0,11375.0,10866.57142857143,40627.6190476169,-194.0,-535.0,3,1,0
2024-01-05,85.33333333333333,140.66666666666666,157.33333333333334,10262.0,363.6666666666667,10558.0,11140.0,11317.25,10741.142857142857,70730.47619046988,-206.33333333333334,-532.3333333333334,4,1,0
2024-01-06,84.66666666666667,129.33333333333334,146.66666666666666,9966.0,365.3333333333333,10262.0,11050.0,11259.5,10586.285714285714,126995.23809522645,-218.66666666666666,-619.0,5,1,1
2024-01-07,84.0,118.0,136.0,9670.0,367.0,9966.0,10960.0,11201.75,10402.0,204026.66666664826,-231.0,-656.0,6,1,1
2024-01-08,59.0,64.0,117.0,9670.0,367.0,9670.0,10870.0,11144.0,10230.57142857143,222540.95238092766,-250.0,-699.6666666666666,0,1,0
2024-01-09,62.0,97.0,52.0,9311.0,286.0,9670.0,10770.0,11217.0,10022.142857142857,264296.1428571103,-234.0,-715.0,1,1,0
2024-01-10,91.0,75.0,97.0,9144.0,349.0,9311.0,10718.0,11206.0,9797.285714285714,253128.2380951969,-252.0,-736.0,2,1,0
2024-01-11,29.0,51.0,11.0,8829.0,476.0,9144.0,10558.0,11230.0,9550.285714285714,241766.2380951871,-465.0,-951.0,3,1,0
2024-01-12,30.0,51.5,16.75,8630.0,415.5,8829.0,10262.0,11140.0,9317.142857142857,235082.8095237489,-398.75,-1115.75,4,1,0
2024-01-13,31.0,52.0,22.5,8431.0,355.0,8630.0,9966.0,11050.0,9097.857142857143,239687.80952373947,-332.5,-1196.25,5,1,1
2024-01-14,32.0,52.5,28.25,8232.0,294.5,8431.0,9670.0,10960.0,8892.42857142857,260846.9523808734,-266.25,-997.5,6,1,1
2024-01-15,33.0,53.0,34.0,8033.0,234.0,8232.0,9670.0,10870.0,8658.57142857143,219376.28571419616,-200.0,-798.75,0,1,0
2024-01-16,32.0,49.0,39.0,8133.0,188.0,8033.0,9311.0,10770.0,8490.285714285714,161429.90476180744,-149.0,-615.25,1,1,0
2024-01-17,80.0,176.0,125.0,8072.0,353.0,8133.0,9144.0,10718.0,8337.142857142857,92005.14285703836,-228.0,-577.0,2,1,0
2024-01-18,116.0,188.0,164.0,8042.0,359.0,8072.0,8829.0,10558.0,8224.714285714286,51455.90476179484,-195.0,-572.0,3,1,0
2024-01-19,112.33333333333333,187.0,162.0,8019.333333333333,363.0,8042.0,8630.0,10262.0,8137.476190476191,22231.14285702858,-201.0,-624.0,4,1,0
2024-01-20,108.66666666666667,186.0,160.0,7996.666666666667,367.0,8019.333333333333,8431.0,9966.0,8075.428571428572,6684.767195649776,-207.0,-603.0,5,1,1
2024-01-21,105.0,185.0,158.0,7974.0,371.0,7996.666666666667,8232.0,9670.0,8038.571428571428,2728.767195647935,-213.0,-621.0,6,1,1
2024-01-22,136.0,246.0,123.0,8008.0,222.0,7974.0,8033.0,9670.0,8035.0,2864.4814813620465,-99.0,-519.0,0,1,0
2024-01-23,128.0,228.0,177.0,8133.0,202.0,8008.0,8133.0,9311.0,8035.0,2864.4814813620465,-25.0,-337.0,1,1,0
2024-01-24,90.0,196.0,205.0,8212.0,243.0,8133.0,8072.0,9144.0,8055.0,7391.148148029698,-38.0,-162.0,2,1,0
2024-01-25,102.0,189.0,155.0,8180.0,293.0,8212.0,8042.0,8829.0,8074.714285714285,9513.719576602076,-138.0,-201.0,3,1,0
2024-01-26,108.0,211.66666666666666,145.33333333333334,8121.333333333333,297.6666666666667,8180.0,8019.333333333333,8630.0,8089.285714285715,9117.052909936094,-152.33333333333334,-328.33333333333337,4,1,0
2024-01-27,114.0,234.33333333333334,135.66666666666666,8062.666666666667,302.3333333333333,8121.333333333333,7996.666666666667,8431.0,8098.714285714285,7701.719576603221,-166.66666666666666,-457.0,5,1,1
2024-01-28,120.0,257.0,126.0,8004.0,307.0,8062.666666666667,7974.0,8232.0,8103.0,6583.1481480320035,-181.0,-500.0,6,1,1
2024-01-29,137.0,272.0,166.0,8057.0,195.0,8004.0,8008.0,8033.0,8110.0,5374.481481365661,-29.0,-376.66666666666663,0,1,0
2024-01-30,93.0,198.0,208.0,8182.0,187.0,8057.0,8133.0,8133.0,8117.0,6093.148148032655,21.0,-189.0,1,1,0
2024-01-31,203.0,477.0,258.0,8153.0,266.0,8182.0,8212.0,8072.0,8108.571428571428,4722.1005289846435,-8.0,-16.0,2,1,0
2024-02-01,222.0,459.0,289.0,8026.0,337.0,8153.0,8180.0,8042.0,8086.571428571428,4443.433862316947,-48.0,-35.0,3,2,0
2024-02-02,232.33333333333334,483.0,275.3333333333333,7955.0,338.6666666666667,8026.0,8121.333333333333,8019.333333333333,8062.809523809524,6468.476190358174,-63.33333333333337,-119.33333333333337,4,2,0
2024-02-03,242.66666666666666,507.0,261.6666666666667,7884.0,340.3333333333333,7955.0,8062.666666666667,7996.666666666667,8037.285714285715,11037.238095118906,-78.66666666666663,-190.0,5,2,1
2024-02-04,253.0,531.0,248.0,7813.0,342.0,7884.0,8004.0,7974.0,8010.0,18367.999999879543,-94.0,-236.0,6,2,1
2024-02-05,157.0,466.0,345.0,7872.0,242.0,7813.0,8057.0,8008.0,7983.571428571428,20358.952380830688,103.0,-69.66666666666663,0,2,0
2024-02-06,291.0,455.0,323.0,8045.0,178.0,7872.0,8182.0,8133.0,7964.0,13978.666666544052,145.0,154.0,1,2,0
2024-02-07,227.0,453.0,330.0,8160.0,222.0,8045.0,8153.0,8212.0,7965.0,14426.666666544099,108.0,356.0,2,2,0
2024-02-08,298.0,499.0,358.0,8188.0,315.0,8160.0,8026.0,8180.0,7988.142857142857,21469.809523688004,43.0,296.0,3,2,0
2024-02-09,267.0,504.3333333333333,314.0,8144.0,325.6666666666667,8188.0,7955.0,8121.333333333333,8015.142857142857,24484.809523689222,-11.666666666666686,139.33333333333331,4,2,0
2024-02-10,236.0,509.6666666666667,270.0,8100.0,336.3333333333333,8144.0,7884.0,8062.666666666667,8046.0,21707.66666654776,-66.33333333333331,-35.0,5,2,1
2024-02-11,205.0,515.0,226.0,8056.0,347.0,8100.0,7813.0,8004.0,8080.714285714285,11270.238095120736,-121.0,-199.0,6,2,1
2024-02-12,213.0,430.0,440.0,8092.0,234.0,8056.0,7872.0,8057.0,8112.142857142857,2878.8095236935314,206.0,18.666666666666686,0,2,0
2024-02-13,227.0,369.0,349.0,8348.0,160.0,8092.0,8045.0,8182.0,8155.428571428572,9212.952380838224,189.0,274.0,1,2,0
2024-02-14,185.0,322.0,272.0,8512.0,230.0,8348.0,8160.0,8153.0,8205.714285714286,27449.90476179268,42.0,437.0,2,2,0
2024-02-15,333.0,508.0,272.0,8463.0,312.0,8512.0,8188.0,8026.0,8245.0,36629.66666655623,-40.0,191.0,3,2,0
2024-02-16,312.0,486.0,296.75,8442.25,288.5,8463.0,8144.0,7955.0,8287.607142857143,39296.16369036755,8.25,10.25,4,2,0
2024-02-17,291.0,464.0,321.5,8421.5,265.0,8442.25,8100.0,7884.0,8333.535714285714,33956.967261798105,56.5,24.75,5,2,1
2024-02-18,270.0,442.0,346.25,8400.75,241.5,8421.5,8056.0,7813.0,8382.785714285714,19042.425595133616,104.75,169.5,6,2,1
2024-02-19,249.0,420.0,371.0,8380.0,218.0,8400.75,8092.0,7872.0,8423.92857142857,2976.139880849696,153.0,314.25,0,2,0
2024-02-20,149.0,395.0,273.0,8488.0,192.0,8380.0,8348.0,8045.0,8443.92857142857,2232.806547517266,81.0,338.75,1,2,0
2024-02-21,232.0,430.0,318.0,8573.0,231.0,8488.0,8512.0,8160.0,8452.642857142857,4148.497023708166,87.0,321.0,2,2,0
2024-02-22,165.0,400.0,292.0,8607.0,293.0,8573.0,8463.0,8188.0,8473.214285714286,7607.92559513775,-1.0,167.0,3,2,0
2024-02-23,191.33333333333334,427.3333333333333,316.6666666666667,8539.333333333334,305.0,8607.0,8442.25,8144.0,8487.083333333334,7952.34027767814,11.666666666666686,97.66666666666669,4,2,0
2024-02-24,217.66666666666666,454.6666666666667,341.3333333333333,8471.666666666666,317.0,8539.333333333334,8421.5,8100.0,8494.25,7215.168981382202,24.333333333333314,35.0,5,2,1
2024-02-25,244.0,482.0,366.0,8404.0,329.0,8471.666666666666,8400.75,8056.0,8494.714285714286,7115.386243286996,37.0,73.0,6,2,1
2024-02-26,199.0,438.0,326.0,8404.0,329.0,8404.0,8380.0,8092.0,8498.142857142857,6279.957671858567,-3.0,58.333333333333314,0,2,0
2024-02-27,197.0,369.0,306.0,8650.0,206.0,8404.0,8488.0,8348.0,8521.285714285714,9481.386243288225,100.0,134.0,1,2,0
2024-02-28,209.0,447.0,274.0,8699.0,257.0,8650.0,8573.0,8512.0,8539.285714285714,13921.386243289095,17.0,114.0,2,2,0
2024-02-29,262.0,444.0,354.0,8724.0,299.0,8699.0,8607.0,8463.0,8556.0,18517.814814718444,55.0,172.0,3,2,0
2024-03-01,253.33333333333334,452.0,351.6666666666667,8680.666666666666,317.3333333333333,8724.0,8539.333333333334,8442.25,8576.190476190475,20586.21693112152,34.33333333333337,106.33333333333337,4,3,0
2024-03-02,244.66666666666666,460.0,349.3333333333333,8637.333333333334,335.6666666666667,8680.666666666666,8471.666666666666,8421.5,8599.857142857143,18734.95767186337,13.666666666666629,103.0,5,3,1
2024-03-03,236.0,468.0,347.0,8594.0,354.0,8637.333333333334,8404.0,8400.75,8627.0,11487.814814721774,-7.0,41.0,6,3,1
2024-03-04,225.0,509.0,340.0,8660.0,229.0,8594.0,8404.0,8380.0,8663.57142857143,1820.7671956758952,111.0,117.66666666666663,0,3,0
2024-03-05,246.0,472.0,345.0,8800.0,214.0,8660.0,8650.0,8488.0,8685.0,4356.481481391257,131.0,235.0,1,3,0
2024-03-06,230.0,457.0,277.0,8870.0,232.0,8800.0,8699.0,8573.0,8709.42857142857,9331.767195678256,45.0,287.0,2,3,0
2024-03-07,181.0,424.0,328.0,8902.0,305.0,8870.0,8724.0,8607.0,8734.857142857143,14722.624338536683,23.0,199.0,3,3,0
2024-03-08,184.0,405.3333333333333,327.3333333333333,8839.333333333334,327.6666666666667,8902.0,8680.666666666666,8539.333333333334,8757.523809523811,15452.99470890822,-0.33333333333337123,67.66666666666663,4,3,0
2024-03-09,187.0,386.6666666666667,326.6666666666667,8776.666666666666,350.3333333333333,8839.333333333334,8637.333333333334,8471.666666666666,8777.42857142857,12644.211640126216,-23.66666666666663,-1.0,5,3,1
2024-03-10,190.0,368.0,326.0,8714.0,373.0,8776.666666666666,8594.0,8404.0,8794.57142857143,7364.211640127127,-47.0,-71.0,6,3,1
2024-03-11,178.0,336.0,290.0,8757.0,253.0,8714.0,8660.0,8404.0,8808.42857142857,4357.2116401278045,37.0,-33.66666666666663,0,3,0
2024-03-12,154.0,294.0,290.0,8843.0,213.0,8757.0,8800.0,8650.0,8814.57142857143,4500.544973461464,77.0,67.0,1,3,0
2024-03-13,165.0,358.0,167.0,8819.0,239.0,8843.0,8870.0,8699.0,8807.285714285714,3929.830687746789,-72.0,42.0,2,3,0
2024-03-14,166.0,301.0,252.0,8695.0,310.0,8819.0,8902.0,8724.0,8777.714285714286,3515.8306877452815,-58.0,-53.0,3,3,0
2024-03-15,153.0,287.3333333333333,254.33333333333334,8587.666666666666,320.6666666666667,8695.0,8839.333333333334,8680.666666666666,8741.761904761905,7394.693121605935,-66.33333333333334,-196.33333333333334,4,3,0
2024-03-16,140.0,273.6666666666667,256.6666666666667,8480.333333333334,331.3333333333333,8587.666666666666,8776.666666666666,8637.333333333334,8699.42857142857,16491.65608456678,-74.66666666666663,-198.99999999999997,5,3,1
2024-03-17,127.0,260.0,259.0,8373.0,342.0,8480.333333333334,8714.0,8594.0,8650.714285714286,31446.94179885023,-83.0,-223.99999999999997,6,3,1
2024-03-18,123.0,243.0,188.0,8333.0,283.0,8373.0,8757.0,8660.0,8590.142857142857,42107.51322741902,-95.0,-252.66666666666663,0,3,0
2024-03-19,99.0,202.0,256.0,8390.0,197.0,8333.0,8843.0,8800.0,8525.42857142857,33241.65608455905,59.0,-119.0,1,3,0
2024-03-20,91.0,181.0,174.0,8365.0,227.0,8390.0,8819.0,8870.0,8460.57142857143,18259.656084556194,-53.0,-89.0,2,3,0
2024-03-21,132.0,261.0,141.0,8292.0,235.0,8365.0,8695.0,8902.0,8403.0,9969.370370267954,-94.0,-88.0,3,3,0
2024-03-22,129.33333333333334,262.0,167.66666666666666,8161.0,281.0,8292.0,8587.666666666666,8839.333333333334,8342.04761904762,9712.015872910873,-113.33333333333334,-260.33333333333337,4,3,0
2024-03-23,126.66666666666667,263.0,194.33333333333334,8030.0,327.0,8161.0,8480.333333333334,8776.666666666666,8277.714285714286,17925.238095130215,-132.66666666666666,-340.0,5,3,1
2024-03-24,124.0,264.0,221.0,7899.0,373.0,8030.0,8373.0,8714.0,8210.0,34966.666666555655,-152.0,-398.0,6,3,1
2024-03-25,128.0,242.0,224.0,7899.0,229.0,7899.0,8333.0,8757.0,8148.0,44080.66666655274,-5.0,-289.66666666666663,0,3,0
2024-03-26,187.0,276.0,200.0,7919.0,208.0,7899.0,8390.0,8843.0,8080.714285714285,37778.23809512101,-8.0,-165.0,1,3,0
2024-03-27,129.0,287.0,185.0,7893.0,215.0,7919.0,8365.0,8819.0,8013.285714285715,24876.90476178445,-30.0,-43.0,2,3,0
2024-03-28,161.0,288.0,248.0,7762.0,360.0,7893.0,8292.0,8695.0,7937.571428571428,15765.952380828458,-112.0,-150.0,3,3,0
2024-03-29,142.33333333333334,276.6666666666667,215.66666666666666,7593.666666666667,335.6666666666667,7762.0,8161.0,8587.666666666666,7856.523809523809,19494.14285701517,-120.00000000000003,-262.0,4,3,0
2024-03-30,123.66666666666666,265.3333333333333,183.33333333333331,7425.333333333333,311.3333333333333,7593.666666666667,8030.0,8480.333333333334,7770.142857142857,36760.7354496039,-128.0,-360.0,5,3,1
2024-03-31,105.0,254.0,151.0,7257.0,287.0,7425.333333333333,7899.0,8373.0,7678.428571428572,68065.87830674266,-136.0,-384.0,6,3,1
2024-04-01,109.0,235.0,171.0,7271.0,172.0,7257.0,7899.0,8333.0,7588.714285714285,78233.49735435768,-1.0,-265.0,0,4,0
2024-04-02,101.0,230.0,175.0,7340.0,132.0,7271.0,7919.0,8390.0,7506.0,62379.925925782525,43.0,-94.0,1,4,0
2024-04-03,124.0,230.0,190.0,7346.0,163.0,7340.0,7893.0,8365.0,7427.857142857143,34561.06878292193,27.0,69.0,2,4,0
2024-04-04,95.0,226.0,152.0,7317.0,225.0,7346.0,7762.0,8292.0,7364.285714285715,13285.83068768101,-73.0,-3.0,3,4,0
2024-04-05,98.66666666666667,230.33333333333334,179.0,7205.333333333333,243.0,7317.0,7593.666666666667,8161.0,7308.809523809525,5136.994708842502,-64.0,-110.0,4,4,0
2024-04-06,102.33333333333333,234.66666666666666,206.0,7093.666666666667,261.0,7205.333333333333,7425.333333333333,8030.0,7261.428571428572,7969.3227511684445,-55.0,-192.0,5,4,1
2024-04-07,106.0,239.0,233.0,6982.0,279.0,7093.666666666667,7257.0,7899.0,7222.142857142857,19178.846560690483,-46.0,-165.0,6,4,1
2024-04-08,102.0,230.0,167.0,6988.0,199.0,6982.0,7271.0,7899.0,7181.714285714285,26011.27513211722,-32.0,-133.0,0,4,0
2024-04-09,118.0,231.0,217.0,7043.0,130.0,6988.0,7340.0,7919.0,7139.285714285715,22942.275132115275,87.0,9.0,1,4,0
2024-04-10,117.0,244.0,142.0,6999.0,227.0,7043.0,7346.0,7893.0,7089.714285714285,16233.608465446336,-85.0,-30.0,2,4,0
2024-04-11,183.0,221.0,220.0,6912.0,285.0,6999.0,7317.0,7762.0,7031.857142857143,8982.179894015111,-65.0,-63.0,3,4,0
2024-04-12,164.66666666666666,229.0,227.66666666666666,6818.0,286.6666666666667,6912.0,7205.333333333333,7593.666666666667,6976.523809523809,8016.92063475334,-59.00000000000003,-209.00000000000003,4,4,0
2024-04-13,146.33333333333334,237.0,235.33333333333334,6724.0,288.3333333333333,6818.0,7093.666666666667,7425.333333333333,6923.714285714285,13104.238095068387,-52.99999999999997,-177.0,5,4,1
2024-04-14,128.0,245.0,243.0,6630.0,290.0,6724.0,6982.0,7257.0,6873.428571428572,23965.952380780363,-47.0,-159.0,6,4,1
2024-04-15,144.0,303.0,176.0,6681.0,191.0,6630.0,6988.0,7271.0,6829.571428571428,25705.619047444998,-15.0,-114.99999999999997,0,4,0
2024-04-16,219.0,392.0,205.0,6685.0,163.0,6681.0,7043.0,7340.0,6778.428571428572,18545.619047442593,42.0,-20.0,1,4,0
2024-04-17,182.0,371.0,274.0,6725.0,227.0,6685.0,6999.0,7346.0,6739.285714285715,9125.238095059818,47.0,74.0,2,4,0
2024-04-18,144.0,322.0,258.0,6728.0,260.0,6725.0,6912.0,7317.0,6713.0,3368.666666487188,-2.0,87.0,3,4,0
2024-04-19,165.33333333333334,341.3333333333333,286.3333333333333,6733.666666666667,253.33333333333334,6728.0,6818.0,7205.333333333333,6700.952380952381,1433.0158728358622,32.99999999999997,77.99999999999997,4,4,0
2024-04-20,186.66666666666666,360.6666666666667,314.6666666666667,6739.333333333333,246.66666666666666,6733.666666666667,6724.0,7093.666666666667,6703.142857142857,1584.4021162221964,68.00000000000003,99.0,5,4,1
2024-04-21,208.0,380.0,343.0,6745.0,240.0,6739.333333333333,6630.0,6982.0,6719.571428571428,669.8783066990885,103.0,204.0,6,4,1
2024-04-22,176.0,424.0,251.0,6799.0,214.0,6745.0,6681.0,6988.0,6736.428571428572,1141.8783066998246,37.0,208.00000000000003,0,4,0
2024-04-23,252.0,427.0,307.0,6967.0,134.0,6799.0,6685.0,7043.0,6776.714285714285,7668.164020987296,173.0,313.0,1,4,0
2024-04-24,253.0,411.0,307.0,7128.0,154.0,6967.0,6725.0,6999.0,6834.285714285715,23922.497354323055,153.0,363.0,2,4,0
2024-04-25,145.0,357.0,333.0,7209.0,217.0,7128.0,6728.0,6912.0,6903.0,39932.92592575451,116.0,442.0,3,4,0
2024-04-26,149.33333333333334,354.3333333333333,343.6666666666667,7238.666666666667,228.0,7209.0,6733.666666666667,6818.0,6975.142857142857,47860.62433845607,115.66666666666669,384.6666666666667,4,4,0
2024-04-27,153.66666666666666,351.6666666666667,354.3333333333333,7268.333333333333,239.0,7238.666666666667,6739.333333333333,6724.0,7050.714285714285,46256.830687665555,115.33333333333331,347.0,5,4,1
2024-04-28,158.0,349.0,365.0,7298.0,250.0,7268.333333333333,6745.0,6630.0,7129.714285714285,33590.49735433548,115.0,346.0,6,4,1
2024-04-29,140.0,292.0,255.0,7373.0,187.0,7298.0,6799.0,6681.0,7211.714285714285,17381.830687672173,68.0,298.3333333333333,0,4,0
2024-04-30,220.0,443.0,194.0,7431.0,135.0,7373.0,6967.0,6685.0,7278.0,10289.259259103512,59.0,242.0,1,4,0
2024-05-01,197.0,437.0,295.0,7508.0,190.0,7431.0,7128.0,6725.0,7332.285714285715,11917.830687677213,105.0,232.0,2,5,0
2024-05-02,206.0,411.0,293.0,7577.0,194.0,7508.0,7209.0,6728.0,7384.857142857143,16141.068782917522,99.0,263.0,3,5,0
2024-05-03,187.33333333333334,379.0,271.3333333333333,7533.666666666667,240.0,7577.0,7238.666666666667,6733.666666666667,7427.0,14197.81481466537,31.333333333333314,235.33333333333331,4,5,0
2024-05-04,168.66666666666666,347.0,249.66666666666666,7490.333333333333,286.0,7533.666666666667,7268.333333333333,6739.333333333333,7458.714285714285,9497.05290990478,-36.33333333333334,93.99999999999997,5,5,1
2024-05-05,150.0,315.0,228.0,7447.0,332.0,7490.333333333333,7298.0,6745.0,7480.0,4686.481481334233,-104.0,-109.00000000000003,6,5,1
2024-05-06,173.0,337.0,211.0,7449.0,205.0,7447.0,7373.0,6799.0,7490.857142857143,2800.957671810886,6.0,-134.33333333333334,0,5,0
2024-05-07,176.0,334.0,246.0,7566.0,163.0,7449.0,7431.0,6967.0,7510.142857142857,2710.9576718117046,83.0,-15.0,1,5,0
2024-05-08,167.0,374.0,205.0,7583.0,202.0,7566.0,7508.0,7128.0,7520.857142857143,3460.9576718121734,3.0,92.0,2,5,0
2024-05-09,138.0,285.0,268.0,7570.0,244.0,7583.0,7577.0,7209.0,7519.857142857143,3336.95767181213,24.0,110.0,3,5,0
2024-05-10,138.0,290.3333333333333,266.3333333333333,7534.666666666667,244.33333333333334,7570.0,7533.666666666667,7238.666666666667,7520.0,3341.7037035581666,21.99999999999997,48.99999999999997,4,5,0
2024-05-11,138.0,295.6666666666667,264.6666666666667,7499.333333333333,244.66666666666666,7534.666666666667,7490.333333333333,7268.333333333333,7521.285714285715,3264.2751321296505,20.00000000000003,66.0,5,5,1
2024-05-12,138.0,301.0,263.0,7464.0,245.0,7499.333333333333,7447.0,7298.0,7523.714285714285,2884.6084654630854,18.0,60.0,6,5,1
2024-05-13,112.0,331.0,167.0,7499.0,157.0,7464.0,7449.0,7373.0,7530.857142857143,1996.5132273681404,10.0,48.00000000000003,0,5,0
2024-05-14,246.0,419.0,218.0,7546.0,186.0,7499.0,7566.0,7431.0,7528.0,1819.3703702251648,32.0,60.0,1,5,0
2024-05-15,115.0,285.0,341.0,7589.0,265.0,7546.0,7583.0,7508.0,7528.857142857143,1934.513227368055,76.0,118.0,2,5,0
2024-05-16,206.0,340.0,214.0,7565.0,234.0,7589.0,7570.0,7577.0,7528.142857142857,1869.5132273680222,-20.0,88.0,3,5,0
2024-05-17,185.0,325.0,235.33333333333334,7495.333333333333,255.33333333333334,7565.0,7534.666666666667,7533.666666666667,7522.52380952381,2004.9947088492736,-20.0,36.0,4,5,0
2024-05-18,164.0,310.0,256.6666666666667,7425.666666666667,276.6666666666667,7495.333333333333,7499.333333333333,7490.333333333333,7512.0,3349.703703557833,-20.0,-60.0,5,5,1
2024-05-19,143.0,295.0,278.0,7356.0,298.0,7425.666666666667,7464.0,7447.0,7496.571428571428,6743.989417842924,-20.0,-60.0,6,5,1
2024-05-20,111.0,268.0,217.0,7368.0,192.0,7356.0,7499.0,7449.0,7477.857142857143,9089.513227365956,25.0,-15.0,0,5,0
2024-05-21,196.0,348.0,176.0,7404.0,145.0,7368.0,7546.0,7566.0,7457.571428571428,8744.65608450796,31.0,36.0,1,5,0
2024-05-22,168.0,349.0,272.0,7474.0,208.0,7404.0,7589.0,7583.0,7441.142857142857,5595.846560697733,64.0,120.0,2,5,0
2024-05-23,193.0,272.0,314.0,7494.0,227.0,7474.0,7565.0,7570.0,7431.0,3384.703703554445,87.0,182.0,3,5,0
2024-05-24,183.75,290.0,298.5,7461.75,212.0,7494.0,7495.333333333333,7534.666666666667,7426.202380952381,2825.6478173108535,86.5,237.5,4,5,0
2024-05-25,174.5,308.0,283.0,7429.5,197.0,7461.75,7425.666666666667,7499.333333333333,7426.75,2827.0624998505605,86.0,259.5,5,5,1
2024-05-26,165.25,326.0,267.5,7397.25,182.0,7429.5,7356.0,7464.0,7432.642857142857,2097.3303569936793,85.5,258.0,6,5,1
2024-05-27,156.0,344.0,252.0,7365.0,167.0,7397.25,7368.0,7499.0,7432.214285714285,2163.2589284222295,85.0,256.5,0,5,0
2024-05-28,153.0,348.0,239.0,7418.0,151.0,7365.0,7404.0,7546.0,7434.214285714285,2059.592261755653,88.0,258.5,1,5,0
2024-05-29,182.0,462.0,158.0,7491.0,141.0,7418.0,7474.0,7589.0,7436.642857142857,2326.3303569938585,17.0,190.0,2,5,0
2024-05-30,167.0,406.0,339.0,7563.0,190.0,7491.0,7494.0,7565.0,7446.5,4325.687499851466,149.0,254.0,3,5,0
2024-05-31,164.33333333333334,380.6666666666667,333.3333333333333,7557.333333333333,228.66666666666666,7563.0,7461.75,7495.333333333333,7460.154761904762,6116.737103026683,104.66666666666666,270.66666666666663,4,5,0
2024-06-01,161.66666666666666,355.3333333333333,327.6666666666667,7551.666666666667,267.3333333333333,7557.333333333333,7429.5,7425.666666666667,7477.607142857143,7000.506282921672,60.33333333333337,314.0,5,6,1
2024-06-02,159.0,330.0,322.0,7546.0,306.0,7551.666666666667,7397.25,7356.0,7498.857142857143,6177.0687829226445,16.0,181.00000000000003,6,6,1
2024-06-03,109.0,244.0,257.0,7596.0,224.0,7546.0,7365.0,7368.0,7531.857142857143,3493.0687829241756,33.0,109.33333333333337,0,6,0
2024-06-04,260.0,356.0,176.0,7565.0,203.0,7596.0,7418.0,7404.0,7552.857142857143,1001.0687829251432,-27.0,22.0,1,6,0
2024-06-05,173.0,345.0,291.0,7691.0,198.0,7565.0,7491.0,7474.0,7581.428571428572,2591.5449734026615,93.0,99.0,2,6,0
2024-06-06,179.0,326.0,282.0,7741.0,238.0,7691.0,7563.0,7494.0,7606.857142857143,6024.402116261015,44.0,110.0,3,6,0
2024-06-07,158.0,313.6666666666667,243.33333333333334,7644.333333333333,262.6666666666667,7741.0,7557.333333333333,7461.75,7619.285714285715,5669.497354356848,-19.333333333333343,117.66666666666666,4,6,0
2024-06-08,137.0,301.3333333333333,204.66666666666669,7547.666666666667,287.3333333333333,7644.333333333333,7551.666666666667,7429.5,7618.714285714285,5761.941798801253,-82.66666666666663,-57.99999999999997,5,6,1
2024-06-09,116.0,289.0,166.0,7451.0,312.0,7547.666666666667,7546.0,7397.25,7605.142857142857,9353.846560705344,-146.0,-247.99999999999997,6,6,1
2024-06-10,184.0,334.0,229.0,7439.0,212.0,7451.0,7596.0,7365.0,7582.714285714285,13353.608465466174,17.0,-211.66666666666663,0,6,0
2024-06-11,186.0,352.0,224.0,7493.0,156.0,7439.0,7565.0,7418.0,7572.428571428572,14519.322751179958,68.0,-61.0,1,6,0
2024-06-12,152.0,266.0,274.0,7548.0,212.0,7493.0,7691.0,7491.0,7552.0,11788.703703559919,62.0,147.0,2,6,0
2024-06-13,167.0,293.0,230.0,7544.0,259.0,7548.0,7741.0,7563.0,7523.857142857143,4921.846560701396,-29.0,101.0,3,6,0
2024-06-14,179.33333333333334,300.3333333333333,231.0,7465.0,270.6666666666667,7544.0,7644.333333333333,7557.333333333333,7498.2380952380945,2314.39682525044,-39.666666666666686,-6.666666666666686,4,6,0
2024-06-15,191.66666666666666,307.6666666666667,232.0,7386.0,282.3333333333333,7465.0,7547.666666666667,7551.666666666667,7475.142857142857,3384.476190328666,-50.333333333333314,-119.0,5,6,1
2024-06-16,204.0,315.0,233.0,7307.0,294.0,7386.0,7451.0,7546.0,7454.571428571428,7505.619047470519,-61.0,-151.0,6,6,1
2024-06-17,159.0,310.0,272.0,7318.0,224.0,7307.0,7439.0,7596.0,7437.285714285715,10225.238095088736,48.0,-63.333333333333314,0,6,0
2024-06-18,160.0,297.0,253.0,7340.0,214.0,7318.0,7493.0,7565.0,7415.428571428572,10727.952380801991,39.0,26.0,1,6,0
2024-06-19,204.0,321.0,246.0,7433.0,198.0,7340.0,7548.0,7691.0,7399.0,7535.333333182185,48.0,135.0,2,6,0
2024-06-20,145.0,247.0,243.0,7431.0,235.0,7433.0,7544.0,7741.0,7382.857142857143,3897.8095236576246,8.0,95.0,3,6,0
2024-06-21,130.66666666666666,240.33333333333334,229.0,7369.666666666667,254.66666666666666,7431.0,7465.0,7644.333333333333,7369.2380952380945,2585.841269688739,-25.666666666666657,30.333333333333343,4,6,0
2024-06-22,116.33333333333333,233.66666666666666,215.0,7308.333333333333,274.3333333333333,7369.666666666667,7386.0,7547.666666666667,7358.142857142857,3013.6243384713075,-59.333333333333314,-76.99999999999997,5,6,1
2024-06-23,102.0,227.0,201.0,7247.0,294.0,7308.333333333333,7307.0,7451.0,7349.571428571428,4550.767195613782,-93.0,-177.99999999999997,6,6,1
2024-06-24,116.0,175.0,172.0,7239.0,202.0,7247.0,7318.0,7439.0,7338.285714285715,6273.71957656567,-30.0,-182.33333333333331,0,6,0
2024-06-25,172.0,263.0,191.0,7239.0,202.0,7239.0,7340.0,7493.0,7323.857142857143,7673.291005136467,-11.0,-134.0,1,6,0
2024-06-26,132.0,235.0,197.0,7268.0,187.0,7239.0,7433.0,7548.0,7300.285714285715,5559.719576563987,10.0,-31.0,2,6,0
2024-06-27,174.0,208.0,256.0,7248.0,268.0,7268.0,7431.0,7544.0,7274.142857142857,2370.2910051342237,-12.0,-13.0,3,6,0
2024-06-28,157.0,215.33333333333334,226.33333333333334,7123.333333333333,269.6666666666667,7248.0,7369.666666666667,7465.0,7238.952380952382,3195.312169153811,-43.33333333333334,-45.33333333333334,4,6,0
2024-06-29,140.0,222.66666666666666,196.66666666666666,6998.666666666667,271.3333333333333,7123.333333333333,7308.333333333333,7386.0,7194.714285714285,9732.71957655926,-74.66666666666666,-130.0,5,6,1
2024-06-30,123.0,230.0,167.0,6874.0,273.0,6998.666666666667,7247.0,7307.0,7141.428571428572,23107.43386227121,-106.0,-224.0,6,6,1
2024-07-01,123.0,233.0,159.0,6825.0,229.0,6874.0,7239.0,7318.0,7082.285714285715,34127.71957655426,-70.0,-250.66666666666666,0,7,0
2024-07-02,141.0,232.0,188.0,6823.0,184.0,6825.0,7239.0,7340.0,7022.857142857143,37118.95767178969,4.0,-172.0,1,7,0
2024-07-03,149.5,229.0,189.5,6806.5,204.5,6823.0,7268.0,7433.0,6956.928571428572,29833.850528929655,-15.0,-81.0,2,7,0
2024-07-04,158.0,226.0,191.0,6790.0,225.0,6806.5,7248.0,7431.0,6891.5,15363.231481307688,-34.0,-45.0,3,7,0
2024-07-05,137.33333333333334,204.0,205.0,6726.333333333333,221.0,6790.0,7123.333333333333,7369.666666666667,6834.785714285715,7199.525132098824,-16.0,-65.0,4,7,0
2024-07-06,116.66666666666666,182.0,219.0,6662.666666666667,217.0,6726.333333333333,6998.666666666667,7308.333333333333,6786.785714285715,4972.858465429911,2.0,-48.0,5,7,1
2024-07-07,96.0,160.0,233.0,6599.0,213.0,6662.666666666667,6874.0,7247.0,6747.5,7781.787036856705,20.0,6.0,6,7,1
2024-07-08,141.0,173.0,129.0,6617.0,123.0,6599.0,6825.0,7239.0,6717.785714285715,8589.025132093488,6.0,28.0,0,7,0
2024-07-09,116.0,181.0,182.0,6651.0,130.0,6617.0,6823.0,7239.0,6693.214285714285,6783.025132092415,52.0,78.0,1,7,0
2024-07-10,150.0,157.0,201.0,6649.0,177.0,6651.0,6806.5,7268.0,6670.714285714285,4379.27513209145,24.0,82.0,2,7,0
2024-07-11,80.0,176.0,125.0,6640.0,197.0,6649.0,6790.0,7248.0,6649.285714285715,1629.2751320905325,-72.0,4.0,3,7,0
2024-07-12,92.0,180.0,138.0,6529.333333333333,210.33333333333334,6640.0,6726.333333333333,7123.333333333333,6621.142857142857,2113.957671771903,-72.33333333333334,-120.33333333333334,4,7,0
2024-07-13,104.0,184.0,151.0,6418.666666666667,223.66666666666666,6529.333333333333,6662.666666666667,6998.666666666667,6586.285714285715,7241.83068764339,-72.66666666666666,-217.0,5,7,1
2024-07-14,116.0,188.0,164.0,6308.0,237.0,6418.666666666667,6599.0,6874.0,6544.714285714285,18105.83068764159,-73.0,-218.0,6,7,1
2024-07-15,105.0,185.0,158.0,6283.0,171.0,6308.0,6617.0,6825.0,6497.0,25994.59259240145,-13.0,-158.66666666666666,0,7,0
2024-07-16,136.0,246.0,123.0,6239.0,173.0,6283.0,6651.0,6823.0,6438.142857142857,29094.402116208465,-50.0,-136.0,1,7,0
2024-07-17,128.0,228.0,177.0,6228.0,187.0,6239.0,6649.0,6806.5,6378.0,24824.25925906298,-10.0,-73.0,2,7,0
2024-07-18,118.5,220.0,184.0,6185.5,205.75,6228.0,6640.0,6790.0,6313.071428571428,14641.294973345808,-21.75,-81.75,3,7,0
2024-07-19,109.0,212.0,191.0,6143.0,224.5,6185.5,6529.333333333333,6726.333333333333,6257.880952380952,8113.4880950364895,-33.5,-65.25,4,7,0
2024-07-20,99.5,204.0,198.0,6100.5,243.25,6143.0,6418.666666666667,6662.666666666667,6212.428571428572,5522.7023807487385,-45.25,-100.5,5,7,1
2024-07-21,90.0,196.0,205.0,6058.0,262.0,6100.5,6308.0,6599.0,6176.714285714285,6486.988095032892,-57.0,-135.75,6,7,1
2024-07-22,102.0,189.0,155.0,6002.0,234.0,6058.0,6283.0,6617.0,6136.571428571428,7811.702380745439,-79.0,-181.25,0,7,0
2024-07-23,120.0,257.0,126.0,5965.0,170.0,6002.0,6239.0,6651.0,6097.428571428572,9181.70238074373,-44.0,-180.0,1,7,0
2024-07-24,137.0,272.0,166.0,5927.0,177.0,5965.0,6228.0,6649.0,6054.428571428572,9024.03571407515,-11.0,-134.0,2,7,0
2024-07-25,93.0,198.0,208.0,5954.0,194.0,5927.0,6185.5,6640.0,6021.357142857143,6565.726190264163,14.0,-41.0,3,7,0
2024-07-26,112.66666666666667,228.66666666666666,205.0,5883.666666666667,198.33333333333334,5954.0,6143.0,6529.333333333333,5984.309523809524,5658.059523595847,6.666666666666657,9.666666666666657,4,7,0
2024-07-27,132.33333333333334,259.3333333333333,202.0,5813.333333333333,202.66666666666666,5883.666666666667,6100.5,6418.666666666667,5943.285714285715,6316.719576504111,-0.6666666666666572,20.0,5,7,1
2024-07-28,152.0,290.0,199.0,5743.0,207.0,5813.333333333333,6058.0,6308.0,5898.285714285715,8446.719576502159,-8.0,-2.0,6,7,1
2024-07-29,114.0,210.0,219.0,5819.0,163.0,5743.0,6002.0,6283.0,5872.142857142857,6904.2910050724495,56.0,47.33333333333334,0,7,0
2024-07-30,125.0,203.0,208.0,5930.0,92.0,5819.0,5965.0,6239.0,5867.142857142857,5995.957671738902,116.0,164.0,1,7,0
2024-07-31,140.0,261.0,163.0,5963.0,154.0,5930.0,5927.0,6228.0,5872.285714285715,6899.3862431677,9.0,181.0,2,7,0
2024-08-01,227.0,298.0,212.0,6016.0,169.0,5963.0,5954.0,6185.5,5881.142857142857,9137.291005072839,43.0,168.0,3,8,0
2024-08-02,172.33333333333334,254.33333333333334,189.0,5991.666666666667,169.33333333333334,6016.0,5883.666666666667,6143.0,5896.571428571428,10894.433862216365,19.666666666666657,71.66666666666666,4,8,0
2024-08-03,117.66666666666667,210.66666666666669,166.0,5967.333333333333,169.66666666666666,5991.666666666667,5813.333333333333,6100.5,5918.571428571428,10009.544973328395,-3.666666666666657,59.0,5,8,1
2024-08-04,63.0,167.0,143.0,5943.0,170.0,5967.333333333333,5743.0,6058.0,5947.142857142857,4019.0687828534215,-27.0,-11.0,6,8,1
2024-08-05,172.0,259.0,138.0,5950.0,150.0,5943.0,5819.0,6002.0,5965.857142857143,875.0687828542319,-12.0,-42.66666666666666,0,8,0
2024-08-06,163.0,283.0,200.0,5998.0,143.0,5950.0,5930.0,5965.0,5975.571428571428,722.878306664186,57.0,18.0,1,8,0
2024-08-07,135.0,273.0,207.0,6038.0,174.0,5998.0,5963.0,5927.0,5986.285714285715,1212.1640209503848,33.0,78.0,2,8,0
2024-08-08,119.0,230.0,213.0,6084.0,174.0,6038.0,6016.0,5954.0,5996.0,2546.259259046076,39.0,129.0,3,8,0
2024-08-09,111.0,223.66666666666666,188.66666666666666,6020.666666666667,199.0,6084.0,5991.666666666667,5883.666666666667,6000.142857142857,2624.5132273002405,-10.333333333333343,61.66666666666666,4,8,0
2024-08-10,103.0,217.33333333333334,164.33333333333334,5957.333333333333,224.0,6020.666666666667,5967.333333333333,5813.333333333333,5998.714285714285,2748.1640209509665,-59.66666666666666,-31.0,5,8,1
2024-08-11,95.0,211.0,140.0,5894.0,249.0,5957.333333333333,5943.0,5743.0,5991.714285714285,4001.1640209506345,-109.0,-179.0,6,8,1
2024-08-12,109.0,219.0,155.0,5903.0,148.0,5894.0,5950.0,5819.0,5985.0,4970.2592590455415,7.0,-161.66666666666666,0,8,0
2024-08-13,162.0,239.0,189.0,5981.0,123.0,5903.0,5998.0,5930.0,5982.571428571428,4937.878306664469,66.0,-36.0,1,8,0
2024-08-14,109.0,226.0,191.0,5987.0,178.0,5981.0,6038.0,5963.0,5975.285714285715,4367.164020949825,13.0,86.0,2,8,0
2024-08-15,124.0,241.0,156.0,5895.0,220.0,5987.0,6084.0,6016.0,5948.285714285715,2621.1640209484704,-64.0,15.0,3,8,0
2024-08-16,111.33333333333333,242.0,182.33333333333334,5870.333333333333,206.0,5895.0,6020.666666666667,5991.666666666667,5926.809523809525,2222.661375444744,-23.666666666666657,-74.66666666666666,4,8,0
2024-08-17,98.66666666666667,243.0,208.66666666666666,5845.666666666667,192.0,5870.333333333333,5957.333333333333,5967.333333333333,5910.857142857143,2867.846560629123,16.666666666666657,-71.0,5,8,1
2024-08-18,86.0,244.0,235.0,5821.0,178.0,5845.666666666667,5894.0,5943.0,5900.428571428572,4039.3227511047867,57.0,50.0,6,8,1
2024-08-19,176.0,254.0,162.0,5865.0,158.0,5821.0,5903.0,5950.0,5895.0,4213.037036818796,4.0,77.66666666666666,0,8,0
2024-08-20,136.0,274.0,245.0,5995.0,112.0,5865.0,5981.0,5998.0,5897.0,4642.370370152231,133.0,194.0,1,8,0
2024-08-21,134.0,245.0,167.0,6028.0,156.0,5995.0,5987.0,6038.0,5902.857142857143,6112.513227295381,11.0,148.0,2,8,0
2024-08-22,182.0,307.0,205.0,6054.0,171.0,6028.0,5895.0,6084.0,5925.571428571428,9307.65608443939,34.0,178.0,3,8,0
2024-08-23,175.4,302.6,208.4,6073.6,156.2,6054.0,5870.333333333333,6020.666666666667,5954.609523809523,11467.445079149902,52.20000000000002,97.20000000000002,4,8,0
2024-08-24,168.8,298.2,211.8,6093.2,141.4,6073.6,5845.666666666667,5957.333333333333,5989.971428571429,11231.69904740576,70.4,156.60000000000002,5,8,1
2024-08-25,162.2,293.8,215.2,6112.8,126.6,6093.2,5821.0,5894.0,6031.657142857142,6960.302856931848,88.6,211.20000000000002,6,8,1
2024-08-26,155.6,289.4,218.6,6132.4,111.8,6112.8,5865.0,5903.0,6069.857142857143,2320.2761902672487,106.8,265.8,0,8,0
2024-08-27,149.0,285.0,222.0,6152.0,97.0,6132.4,5995.0,5981.0,6092.285714285715,1924.0380950303825,125.0,320.4,1,8,0
2024-08-28,170.0,285.0,178.0,6227.0,134.0,6152.0,6028.0,5987.0,6120.714285714285,3317.038095031927,44.0,275.8,2,8,0
2024-08-29,145.0,295.0,188.0,6250.0,169.0,6227.0,6054.0,5895.0,6148.714285714285,4446.371428366762,19.0,188.0,3,8,0
2024-08-30,142.0,288.75,190.5,6235.5,159.0,6250.0,6073.6,5870.333333333333,6171.842857142858,4137.219523606118,31.5,94.5,4,8,0
2024-08-31,139.0,282.5,193.0,6221.0,149.0,6235.5,6093.2,5845.666666666667,6190.099999999999,3120.2966664642295,44.0,94.5,5,8,1
2024-09-01,136.0,276.25,195.5,6206.5,139.0,6221.0,6112.8,5821.0,6203.4857142857145,1960.2014283696956,56.5,132.0,6,9,1
2024-09-02,133.0,270.0,198.0,6192.0,129.0,6206.5,6132.4,5865.0,6212.0,1055.4166664653746,69.0,169.5,0,9,0
2024-09-03,131.0,263.0,177.0,6272.0,112.0,6192.0,6152.0,5995.0,6229.142857142857,712.5595236091408,65.0,190.5,1,9,0
2024-09-04,121.0,231.0,219.0,6375.0,114.0,6272.0,6227.0,6028.0,6250.285714285715,3735.988095038863,105.0,239.0,2,9,0
2024-09-05,126.0,230.0,175.0,6448.0,121.0,6375.0,6250.0,6054.0,6278.571428571428,9317.702380754657,54.0,224.0,3,9,0
2024-09-06,125.0,238.33333333333334,171.33333333333334,6402.666666666667,154.33333333333334,6448.0,6235.5,6073.6,6302.452380952381,10909.76587281943,17.0,176.0,4,9,0
2024-09-07,124.0,246.66666666666666,167.66666666666666,6357.333333333333,187.66666666666669,6402.666666666667,6221.0,6093.2,6321.928571428572,9863.461640016232,-20.00000000000003,50.99999999999997,5,9,1
2024-09-08,123.0,255.0,164.0,6312.0,221.0,6357.333333333333,6206.5,6112.8,6337.0,7394.259259064642,-57.0,-60.00000000000003,6,9,1
2024-09-09,144.0,275.0,190.0,6353.0,141.0,6312.0,6192.0,6132.4,6360.0,3315.592592399185,49.0,-28.00000000000003,0,9,0
2024-09-10,131.0,251.0,180.0,6396.0,148.0,6353.0,6272.0,6152.0,6377.714285714285,1874.8306876382096,32.0,24.0,1,9,0
2024-09-11,93.0,248.0,175.0,6410.0,162.0,6396.0,6375.0,6227.0,6382.714285714285,2018.1640209718032,13.0,94.0,2,9,0
2024-09-12,184.0,280.0,210.0,6360.0,220.0,6410.0,6448.0,6250.0,6370.142857142857,1209.4021162092488,-10.0,35.0,3,9,0
2024-09-13,81.0,200.0,212.0,6326.0,279.0,6360.0,6402.666666666667,6235.5,6359.190476190476,1217.9206347271986,-67.0,-64.0,4,9,0
2024-09-14,89.5,210.0,189.5,6280.0,244.5,6326.0,6357.333333333333,6221.0,6348.142857142857,2120.1428569488544,-55.0,-132.0,5,9,1
2024-09-15,98.0,220.0,167.0,6234.0,210.0,6280.0,6312.0,6206.5,6337.0,3928.999999805407,-43.0,-165.0,6,9,1
2024-09-16,113.0,209.0,160.0,6229.0,164.0,6234.0,6353.0,6192.0,6319.285714285715,5464.23809504255,-4.0,-102.0,0,9,0
2024-09-17,159.0,304.0,139.0,6227.0,160.0,6229.0,6396.0,6272.0,6295.142857142857,5222.809523612669,-21.0,-68.0,1,9,0
2024-09-18,116.0,213.0,217.0,6245.0,149.0,6227.0,6410.0,6375.0,6271.571428571428,2794.9523807542464,68.0,43.0,2,9,0
2024-09-19,93.0,196.0,169.0,6270.0,188.0,6245.0,6360.0,6448.0,6258.714285714285,1299.2380950392499,-19.0,28.0,3,9,0
2024-09-20,103.33333333333333,208.66666666666666,166.33333333333334,6176.333333333333,191.0,6270.0,6326.0,6402.666666666667,6237.333333333334,1142.4444442444044,-24.666666666666657,24.333333333333343,4,9,0
2024-09-21,113.66666666666667,221.33333333333334,163.66666666666666,6082.666666666667,194.0,6176.333333333333,6280.0,6357.333333333333,6209.142857142857,3898.8465606449367,-30.333333333333343,-74.0,5,9,1
2024-09-22,124.0,234.0,161.0,5989.0,197.0,6082.666666666667,6234.0,6312.0,6174.142857142857,10443.846560642975,-36.0,-91.0,6,9,1
2024-09-23,92.0,203.0,173.0,6002.0,165.0,5989.0,6229.0,6353.0,6141.714285714285,13654.275132069723,8.0,-58.33333333333334,0,9,0
2024-09-24,186.0,259.0,172.0,6023.0,143.0,6002.0,6227.0,6396.0,6112.571428571428,13799.989417782373,29.0,1.0,1,9,0
2024-09-25,154.0,225.0,220.0,6050.0,169.0,6023.0,6245.0,6410.0,6084.714285714285,10624.27513206656,51.0,88.0,2,9,0
2024-09-26,91.0,199.0,172.0,6090.0,185.0,6050.0,6270.0,6360.0,6059.0,4135.703703493748,-13.0,67.0,3,9,0
2024-09-27,87.66666666666667,203.66666666666666,165.66666666666666,6035.0,182.33333333333334,6090.0,6176.333333333333,6326.0,6038.809523809524,1461.5873013762887,-16.666666666666686,21.333333333333314,4,9,0
2024-09-28,84.33333333333333,208.33333333333334,159.33333333333334,5980.0,179.66666666666666,6035.0,6082.666666666667,6280.0,6024.142857142857,1466.4761902643952,-20.333333333333314,-50.0,5,9,1
2024-09-29,81.0,213.0,153.0,5925.0,177.0,5980.0,5989.0,6234.0,6015.0,2801.333333121032,-24.0,-61.0,6,9,1
2024-09-30,209.0,285.0,184.0,5967.0,138.0,5925.0,6002.0,6229.0,6010.0,3127.9999997874215,46.0,1.6666666666666856,0,9,0
2024-10-01,184.0,314.0,217.0,6040.0,137.0,5967.0,6023.0,6227.0,6012.428571428572,3242.952380739936,80.0,102.0,1,10,0
2024-10-02,107.0,215.0,230.0,6091.0,173.0,6040.0,6050.0,6245.0,6018.285714285715,3996.5714283593165,57.0,183.0,2,10,0
2024-10-03,101.0,162.0,178.0,6118.0,193.0,6091.0,6090.0,6270.0,6022.285714285715,4777.9047616928765,-15.0,122.0,3,10,0
2024-10-04,100.5,169.0,177.5,6080.5,183.0,6118.0,6035.0,6176.333333333333,6028.785714285715,5266.488095026575,-5.5,36.5,4,10,0
2024-10-05,100.0,176.0,177.0,6043.0,173.0,6080.5,5980.0,6082.666666666667,6037.785714285715,4808.98809502708,4.0,-16.5,5,10,1
2024-10-06,99.5,183.0,176.5,6005.5,163.0,6043.0,5925.0,5989.0,6049.285714285715,2708.321428361065,13.5,12.0,6,10,1
2024-10-07,99.0,190.0,176.0,5968.0,153.0,6005.5,5967.0,6002.0,6049.428571428572,2681.035714075355,23.0,40.5,0,10,0
2024-10-08,167.0,239.0,166.0,6013.0,123.0,5968.0,6040.0,6023.0,6045.571428571428,2870.0357140751403,43.0,79.5,1,10,0
2024-10-09,115.0,216.0,169.0,6047.0,137.0,6013.0,6091.0,6050.0,6039.285714285715,2480.321428360508,32.0,98.0,2,10,0
2024-10-10,84.0,158.0,193.0,6075.0,159.0,6047.0,6118.0,6090.0,6033.142857142857,1616.2261902649352,34.0,109.0,3,10,0
2024-10-11,99.33333333333333,181.0,192.66666666666666,6013.0,176.0,6075.0,6080.5,6035.0,6023.5,1201.5833331215547,16.666666666666657,82.66666666666666,4,10,0
2024-10-12,114.66666666666667,204.0,192.33333333333334,5951.0,193.0,6013.0,6043.0,5980.0,6010.357142857143,1812.7261902636938,-0.6666666666666572,50.0,5,10,1
2024-10-13,130.0,227.0,192.0,5889.0,210.0,5951.0,6005.5,5925.0,5993.714285714285,3940.2380950247007,-18.0,-2.0,6,10,1
2024-10-14,88.0,214.0,160.0,5935.0,106.0,5889.0,5968.0,5967.0,5989.0,4378.66666645301,54.0,35.33333333333334,0,10,0
2024-10-15,113.0,208.0,159.0,6013.0,107.0,5935.0,6013.0,6040.0,5989.0,4378.66666645301,52.0,88.0,1,10,0
2024-10-16,174.0,285.0,150.0,6036.0,129.0,6013.0,6047.0,6091.0,5987.428571428572,4183.285714071971,21.0,127.0,2,10,0
2024-10-17,104.0,230.0,206.0,6076.0,160.0,6036.0,6075.0,6118.0,5987.571428571428,4212.6190474053155,46.0,119.0,3,10,0
2024-10-18,118.33333333333333,245.33333333333334,208.66666666666666,6023.333333333333,171.66666666666666,6076.0,6013.0,6080.5,5989.047619047619,4315.460317246661,37.0,104.0,4,10,0
2024-10-19,132.66666666666666,260.6666666666667,211.33333333333334,5970.666666666667,183.33333333333334,6023.333333333333,5951.0,6043.0,5991.857142857143,4121.291005077502,28.0,111.0,5,10,1
2024-10-20,147.0,276.0,214.0,5918.0,195.0,5970.666666666667,5889.0,6005.5,5996.0,3247.1481479348663,19.0,84.0,6,10,1
2024-10-21,108.0,220.0,213.0,5966.0,154.0,5918.0,5935.0,5968.0,6000.428571428572,2754.1005288874935,59.0,106.0,0,10,0
2024-10-22,180.0,280.0,146.0,6043.0,109.0,5966.0,6013.0,6013.0,6004.714285714285,3008.3862431734474,37.0,115.0,1,10,0
2024-10-23,134.0,294.0,186.0,6077.0,138.0,6043.0,6036.0,6047.0,6010.571428571428,3676.100528888059,48.0,144.0,2,10,0
2024-10-24,151.0,298.75,179.0,6051.25,151.5,6077.0,6076.0,6075.0,6007.035714285715,3223.82374317358,27.5,112.5,3,10,0
2024-10-25,168.0,303.5,172.0,6025.5,165.0,6051.25,6023.333333333333,6013.0,6007.345238095238,3236.264880739737,7.0,82.5,4,10,0
2024-10-26,185.0,308.25,165.0,5999.75,178.5,6025.5,5970.666666666667,5951.0,6011.5,3001.5208331209274,-13.5,21.0,5,10,1
2024-10-27,202.0,313.0,158.0,5974.0,192.0,5999.75,5918.0,5889.0,6019.5,1704.1874997880514,-34.0,-40.5,6,10,1
2024-10-28,110.0,272.0,193.0,6008.0,156.0,5974.0,5966.0,5935.0,6025.5,1207.1874997883958,37.0,-10.5,0,10,0
2024-10-29,166.0,277.0,229.0,6106.0,126.0,6008.0,6043.0,6013.0,6034.5,2141.6874997889104,103.0,106.0,1,10,0
2024-10-30,136.0,276.0,178.0,6149.0,160.0,6106.0,6077.0,6036.0,6044.785714285715,3902.25892836094,18.0,158.0,2,10,0
2024-10-31,87.0,246.0,173.0,6148.0,177.0,6149.0,6051.25,6076.0,6058.607142857143,5447.955356933181,-4.0,117.0,3,10,0
2024-11-01,86.0,221.0,167.66666666666666,6095.333333333333,179.33333333333334,6148.0,6025.5,6023.333333333333,6068.583333333334,5373.965277568681,-11.666666666666686,2.3333333333333144,4,11,0
2024-11-02,85.0,196.0,162.33333333333334,6042.666666666667,181.66666666666666,6095.333333333333,5999.75,5970.666666666667,6074.714285714285,4652.386243177498,-19.333333333333314,-35.0,5,11,1
2024-11-03,84.0,171.0,157.0,5990.0,184.0,6042.666666666667,5974.0,5918.0,6077.0,4151.8148146062085,-27.0,-58.0,6,11,1
2024-11-04,167.0,209.0,157.0,6007.0,132.0,5990.0,6008.0,5966.0,6076.857142857143,4174.957671749048,25.0,-21.333333333333314,0,11,0
2024-11-05,109.0,245.0,159.0,6045.0,126.0,6007.0,6106.0,6043.0,6068.142857142857,4113.957671748541,33.0,31.0,1,11,0
2024-11-06,156.0,256.0,176.0,6086.0,137.0,6045.0,6149.0,6077.0,6059.142857142857,2982.95767174802,39.0,97.0,2,11,0
2024-11-07,125.0,232.0,192.0,6084.0,177.0,6086.0,6148.0,6051.25,6050.0,1672.4814812713023,15.0,87.0,3,11,0
2024-11-08,123.25,208.75,186.0,6053.75,169.0,6084.0,6095.333333333333,6025.5,6044.059523809524,1291.1359124879002,17.0,71.0,4,11,0
2024-11-09,121.5,185.5,180.0,6023.5,161.0,6053.75,6042.666666666667,5999.75,6041.321428571428,1352.5148807417106,19.0,51.0,5,11,1
2024-11-10,119.75,162.25,174.0,5993.25,153.0,6023.5,5990.0,5974.0,6041.785714285715,1298.4255950274483,21.0,57.0,6,11,1
2024-11-11,118.0,139.0,168.0,5963.0,145.0,5993.25,6007.0,6008.0,6035.5,2085.1874997889786,23.0,63.0,0,11,0
2024-11-12,142.0,235.0,139.0,5975.0,138.0,5963.0,6045.0,6106.0,6025.5,2563.5208331217177,1.0,45.0,1,11,0
2024-11-13,148.0,245.0,175.0,5966.0,151.0,5975.0,6086.0,6149.0,6008.357142857143,2200.6636902635587,24.0,48.0,2,11,0
2024-11-14,119.0,219.0,210.0,6025.0,172.0,5966.0,6084.0,6148.0,5999.928571428572,1210.3065474059233,38.0,63.0,3,11,0
2024-11-15,114.33333333333333,216.0,189.66666666666666,5955.333333333333,179.66666666666666,6025.0,6053.75,6095.333333333333,5985.869047619048,828.3561505797006,10.0,72.0,4,11,0
2024-11-16,109.66666666666667,213.0,169.33333333333334,5885.666666666667,187.33333333333334,5955.333333333333,6023.5,6042.666666666667,5966.178571428572,1813.4269177742935,-18.0,30.0,5,11,1
2024-11-17,105.0,210.0,149.0,5816.0,195.0,5885.666666666667,5993.25,5990.0,5940.857142857143,4702.179893963272,-46.0,-54.0,6,11,1
2024-11-18,143.0,203.0,163.0,5819.0,138.0,5816.0,5963.0,6007.0,5920.285714285715,6601.608465390629,25.0,-39.0,0,11,0
2024-11-19,119.0,209.0,152.0,5844.0,146.0,5819.0,5975.0,6045.0,5901.571428571428,6663.989417770471,6.0,-15.0,1,11,0
2024-11-20,155.0,212.0,181.0,5879.0,148.0,5844.0,5966.0,6086.0,5889.142857142857,5876.8465606268655,33.0,64.0,2,11,0
2024-11-21,109.0,214.0,173.0,5850.0,210.0,5879.0,6025.0,6084.0,5864.142857142857,2326.846560625365,-37.0,2.0,3,11,0
2024-11-22,136.33333333333334,237.0,179.33333333333334,5788.0,209.0,5850.0,5955.333333333333,6053.75,5840.2380952380945,1240.5079362853082,-29.666666666666657,-33.66666666666666,4,11,0
2024-11-23,163.66666666666666,260.0,185.66666666666666,5726.0,208.0,5788.0,5885.666666666667,6023.5,5817.428571428572,2464.619047395018,-22.333333333333343,-89.0,5,11,1
2024-11-24,191.0,283.0,192.0,5664.0,207.0,5726.0,5816.0,5993.25,5795.714285714285,5837.571428346079,-15.0,-67.0,6,11,1
2024-11-25,170.0,297.0,196.0,5715.0,129.0,5664.0,5819.0,5963.0,5780.857142857143,6575.476190249939,67.0,29.666666666666657,0,11,0
2024-11-26,152.0,272.0,214.0,5826.0,112.0,5715.0,5844.0,5975.0,5778.285714285715,6242.904761678353,102.0,154.0,1,11,0
2024-11-27,239.0,367.0,224.0,5862.0,211.0,5826.0,5879.0,5966.0,5775.857142857143,5713.476190249637,13.0,182.0,2,11,0
2024-11-28,113.0,280.0,237.0,5963.0,143.0,5862.0,5850.0,6025.0,5792.0,10330.33333310778,94.0,209.0,3,11,0
2024-11-29,140.66666666666666,288.6666666666667,220.33333333333334,5970.666666666667,145.0,5963.0,5788.0,5955.333333333333,5818.095238095238,14853.50793628399,75.33333333333334,182.33333333333334,4,11,0
2024-11-30,168.33333333333334,297.3333333333333,203.66666666666666,5978.333333333333,147.0,5970.666666666667,5726.0,5885.666666666667,5854.142857142857,16203.291005069215,56.66666666666666,226.0,5,11,1
2024-12-01,196.0,306.0,187.0,5986.0,149.0,5978.333333333333,5664.0,5816.0,5900.142857142857,10606.624338405325,38.0,170.0,6,12,1
2024-12-02,236.0,330.0,222.0,6061.0,115.0,5986.0,5715.0,5819.0,5949.571428571428,6355.767195551147,107.0,201.66666666666666,0,12,0
2024-12-03,81.0,230.0,242.0,6192.0,107.0,6061.0,5826.0,5844.0,6001.857142857143,10416.62433841139,135.0,280.0,1,12,0
2024-12-04,118.0,245.0,160.0,6269.0,115.0,6192.0,5862.0,5879.0,6060.0,15106.814814605314,45.0,287.0,2,12,0
2024-12-05,218.0,283.0,208.0,6310.0,150.0,6269.0,5963.0,5850.0,6109.571428571428,21088.43386222731,58.0,238.0,3,12,0
2024-12-06,189.33333333333334,269.6666666666667,199.66666666666666,6302.0,157.33333333333334,6310.0,5970.666666666667,5788.0,6156.904761904762,21430.285714081976,42.333333333333314,145.33333333333331,4,12,0
2024-12-07,160.66666666666666,256.3333333333333,191.33333333333334,6294.0,164.66666666666666,6302.0,5978.333333333333,5726.0,6202.0,16875.666666465517,26.666666666666686,127.0,5,12,1
2024-12-08,132.0,243.0,183.0,6286.0,172.0,6294.0,5986.0,5664.0,6244.857142857143,8132.809523610853,11.0,80.0,6,12,1
2024-12-09,224.0,315.0,152.0,6268.0,174.0,6286.0,6061.0,5715.0,6274.428571428572,1567.9523807554403,-22.0,15.666666666666686,0,12,0
2024-12-10,167.0,326.0,213.0,6310.0,149.0,6268.0,6192.0,5826.0,6291.285714285715,314.9047617088193,64.0,53.0,1,12,0
2024-12-11,209.0,353.0,232.0,6402.0,152.0,6310.0,6269.0,5862.0,6310.285714285715,1853.9047617099284,80.0,122.0,2,12,0
2024-12-12,153.0,253.0,286.0,6481.0,194.0,6402.0,6310.0,5963.0,6334.714285714285,6014.904761711357,92.0,236.0,3,12,0
2024-12-13,162.0,281.0,263.6666666666667,6456.666666666667,204.0,6481.0,6302.0,5970.666666666667,6356.809523809524,7745.698412506291,59.666666666666686,231.66666666666669,4,12,0
2024-12-14,171.0,309.0,241.33333333333334,6432.333333333333,214.0,6456.666666666667,6294.0,5978.333333333333,6376.571428571428,7583.211640020644,27.333333333333343,179.00000000000003,5,12,1
2024-12-15,180.0,337.0,219.0,6408.0,224.0,6432.333333333333,6286.0,5986.0,6394.0,6026.259259069267,-5.0,82.00000000000003,6,12,1
2024-12-16,133.0,287.0,189.0,6454.0,149.0,6408.0,6268.0,6061.0,6420.571428571428,3156.5449733565165,40.0,62.33333333333334,0,12,0
2024-12-17,187.0,310.0,247.0,6506.0,151.0,6454.0,6310.0,6192.0,6448.571428571428,1420.544973358138,96.0,131.0,1,12,0
2024-12-18,168.0,285.0,210.0,6598.0,134.0,6506.0,6402.0,6269.0,6476.571428571428,3865.8783066930755,76.0,212.0,2,12,0
2024-12-19,269.0,412.0,204.0,6600.0,238.0,6598.0,6481.0,6310.0,6493.571428571428,6064.5449733607165,-34.0,138.0,3,12,0
2024-12-20,212.66666666666666,359.6666666666667,214.66666666666666,6598.333333333333,248.0,6600.0,6456.666666666667,6302.0,6513.809523809525,7188.8835977004965,-33.33333333333334,8.666666666666657,4,12,0
2024-12-21,156.33333333333331,307.3333333333333,225.33333333333334,6596.666666666667,258.0,6598.333333333333,6432.333333333333,6294.0,6537.285714285715,6583.7195765378065,-32.66666666666666,-100.0,5,12,1
2024-12-22,100.0,255.0,236.0,6595.0,268.0,6596.666666666667,6408.0,6286.0,6564.0,3520.4814813012285,-32.0,-98.0,6,12,1
2024-12-23,205.0,294.0,177.0,6548.0,231.0,6595.0,6454.0,6268.0,6577.428571428572,1336.100528921044,-54.0,-118.66666666666666,0,12,0
2024-12-24,161.0,304.0,211.0,6622.0,155.0,6548.0,6506.0,6310.0,6594.0,496.4814813029416,56.0,-30.0,1,12,0
2024-12-25,57.0,162.0,193.0,6689.0,107.0,6622.0,6598.0,6402.0,6607.0,1800.814814637018,86.0,88.0,2,12,0
2024-12-26,80.0,122.0,152.0,6707.0,135.0,6689.0,6600.0,6481.0,6622.285714285715,3186.7195765426673,17.0,159.0,3,12,0
2024-12-27,89.0,138.0,145.66666666666666,6626.333333333333,162.0,6707.0,6598.333333333333,6456.666666666667,6626.285714285715,3075.164020987344,-16.333333333333343,86.66666666666666,4,12,0
2024-12-28,98.0,154.0,139.33333333333334,6545.666666666667,189.0,6626.333333333333,6596.666666666667,6432.333333333333,6619.0,3950.2592590821428,-49.66666666666666,-49.0,5,12,1
2024-12-29,107.0,170.0,133.0,6465.0,216.0,6545.666666666667,6595.0,6408.0,6600.428571428572,7404.544973366751,-83.0,-149.0,6,12,1
2024-12-30,99.0,156.0,139.0,6454.0,177.0,6465.0,6548.0,6454.0,6587.0,10309.59259241357,-38.0,-170.66666666666666,0,12,0
2024-12-31,62.0,111.0,116.5,6429.5,160.5,6454.0,6622.0,6506.0,6559.5,13357.509259078603,-44.0,-165.0,1,12,0
2025-01-01,25.0,66.0,94.0,6405.0,144.0,6429.5,6689.0,6598.0,6518.928571428572,12620.461640028576,-50.0,-132.0,2,1,0
2025-01-02,35.0,70.0,53.0,6292.0,170.0,6405.0,6707.0,6600.0,6459.642857142857,11207.485449548907,-117.0,-211.0,3,1,0
2025-01-03,37.666666666666664,71.0,56.666666666666664,6155.333333333333,175.0,6292.0,6626.333333333333,6598.333333333333,6392.357142857143,16728.65211621171,-118.33333333333334,-285.33333333333337,4,1,0
2025-01-04,40.333333333333336,72.0,60.333333333333336,6018.666666666667,180.0,6155.333333333333,6545.666666666667,6596.666666666667,6317.071428571428,29472.850528905587,-119.66666666666666,-355.0,5,1,1
2025-01-05,43.0,73.0,64.0,5882.0,185.0,6018.666666666667,6465.0,6595.0,6233.785714285715,49280.9695765197,-121.0,-359.0,6,1,1
2025-01-06,41.0,60.0,71.0,5769.0,190.0,5882.0,6454.0,6548.0,6135.928571428572,66030.8505288949,-119.0,-359.66666666666663,0,1,0
2025-01-07,65.0,83.0,65.0,5703.0,133.0,5769.0,6429.5,6622.0,6032.142857142857,70337.95767174599,-68.0,-308.0,1,1,0
2025-01-08,38.0,80.0,82.0,5605.0,184.0,5703.0,6405.0,6689.0,5917.857142857143,62337.957671739336,-102.0,-289.0,2,1,0
2025-01-09,56.0,82.0,68.0,5507.0,164.0,5605.0,6292.0,6707.0,5805.714285714285,52469.38624316136,-96.0,-266.0,3,1,0
2025-01-10,62.0,89.0,72.0,5368.666666666667,187.66666666666666,5507.0,6155.333333333333,6626.333333333333,5693.333333333333,49197.85185162042,-115.66666666666666,-313.66666666666663,4,1,0
2025-01-11,68.0,96.0,76.0,5230.333333333333,211.33333333333334,5368.666666666667,6018.666666666667,6545.666666666667,5580.714285714285,52488.83068759274,-135.33333333333334,-347.0,5,1,1
2025-01-12,74.0,103.0,80.0,5092.0,235.0,5230.333333333333,5882.0,6465.0,5467.857142857143,62307.40211615758,-155.0,-406.0,6,1,1
2025-01-13,68.0,107.0,102.0,5019.0,181.0,5092.0,5769.0,6454.0,5360.714285714285,67378.83068757977,-79.0,-369.33333333333337,0,1,0
2025-01-14,92.0,124.0,93.0,4957.0,139.0,5019.0,5703.0,6429.5,5254.142857142857,61766.0687828115,-46.0,-280.0,1,1,0
2025-01-15,113.0,162.0,107.0,4903.0,164.0,4957.0,5605.0,6405.0,5153.857142857143,50066.06878280553,-57.0,-182.0,2,1,0
2025-01-16,106.0,196.0,131.0,4881.0,159.0,4903.0,5507.0,6292.0,5064.428571428572,32359.211639943154,-28.0,-131.0,3,1,0
2025-01-17,99.33333333333333,181.33333333333334,143.33333333333334,4796.666666666667,164.66666666666666,4881.0,5368.666666666667,6155.333333333333,4982.714285714285,21091.719576446216,-21.333333333333314,-106.33333333333331,4,1,0
2025-01-18,92.66666666666667,166.66666666666666,155.66666666666666,4712.333333333333,170.33333333333334,4796.666666666667,5230.333333333333,6018.666666666667,4908.714285714285,16668.164020886394,-14.666666666666686,-64.0,5,1,1
2025-01-19,86.0,152.0,168.0,4628.0,176.0,4712.333333333333,5092.0,5882.0,4842.428571428572,19076.54497326353,-8.0,-44.0,6,1,1
2025-01-20,84.0,118.0,136.0,4638.0,127.0,4628.0,5019.0,5769.0,4788.0,17389.259258974726,9.0,-13.666666666666686,0,1,0
2025-01-21,59.0,64.0,117.0,4728.0,54.0,4638.0,4957.0,5703.0,4755.285714285715,11980.497354210956,63.0,64.0,1,1,0
2025-01-22,62.0,97.0,52.0,4717.0,83.0,4728.0,4903.0,5605.0,4728.714285714285,7764.497354209466,-31.0,41.0,2,1,0
2025-01-23,91.0,75.0,97.0,4621.0,174.0,4717.0,4881.0,5507.0,4691.571428571428,4223.544973254976,-77.0,-45.0,3,1,0
2025-01-24,70.33333333333333,67.0,68.33333333333333,4494.333333333333,176.66666666666666,4621.0,4796.666666666667,5368.666666666667,4648.380952380952,6690.20105790857,-108.33333333333333,-216.33333333333331,4,1,0
2025-01-25,49.666666666666664,59.0,39.666666666666664,4367.666666666667,179.33333333333334,4494.333333333333,4712.333333333333,5230.333333333333,4599.142857142857,16313.513227217883,-139.66666666666669,-325.0,5,1,1
2025-01-26,29.0,51.0,11.0,4241.0,182.0,4367.666666666667,4628.0,5092.0,4543.857142857143,33986.51322721474,-171.0,-419.0,6,1,1
2025-01-27,33.0,53.0,34.0,4161.0,127.0,4241.0,4638.0,5019.0,4475.714285714285,51521.941798639484,-93.0,-403.6666666666667,0,1,0
2025-01-28,32.0,49.0,39.0,4096.0,101.0,4161.0,4728.0,4957.0,4385.428571428572,55434.32275101542,-62.0,-326.0,1,1,0
2025-01-29,32.0,50.0,39.0,4036.0,99.0,4096.0,4717.0,4903.0,4288.142857142857,46419.17989386716,-60.0,-215.0,2,1,0
2025-01-30,47.0,42.0,47.0,3923.0,159.0,4036.0,4621.0,4881.0,4188.428571428572,38574.989417671146,-112.0,-234.0,3,1,0
2025-01-31,38.0,35.333333333333336,45.0,3776.3333333333335,162.0,3923.0,4494.333333333333,4796.666666666667,4085.8571428571427,39008.068782744915,-117.0,-289.0,4,1,0
2025-02-01,29.0,28.666666666666664,43.0,3629.6666666666665,165.0,3776.3333333333335,4367.666666666667,4712.333333333333,3980.4285714285716,47489.21163988198,-122.0,-351.0,5,2,1
2025-02-02,20.0,22.0,41.0,3483.0,168.0,3629.6666666666665,4241.0,4628.0,3872.1428571428573,63732.0687827332,-127.0,-366.0,6,2,1
2025-02-03,23.0,45.0,11.0,3403.0,102.0,3483.0,4161.0,4638.0,3763.8571428571427,72828.06878272729,-91.0,-340.0,0,2,0
2025-02-04,34.0,54.0,29.0,3359.0,74.0,3403.0,4096.0,4728.0,3658.5714285714284,68827.21163986441,-45.0,-263.0,1,2,0
2025-02-05,26.0,36.0,36.0,3290.0,104.0,3359.0,4036.0,4717.0,3552.0,54475.59259223959,-68.0,-204.0,2,2,0
2025-02-06,25.0,32.0,27.0,3181.0,145.0,3290.0,3923.0,4621.0,3446.0,41366.9259255672,-118.0,-231.0,3,2,0
2025-02-07,21.666666666666668,25.666666666666668,25.666666666666668,3080.0,129.66666666666666,3181.0,3776.3333333333335,4494.333333333333,3346.5238095238096,33961.47619011209,-103.99999999999999,-290.0,4,2,0
2025-02-08,18.333333333333332,19.333333333333336,24.333333333333332,2979.0,114.33333333333333,3080.0,3629.6666666666665,4367.666666666667,3253.5714285714284,33031.95238058332,-90.0,-312.0,5,2,1
2025-02-09,15.0,13.0,23.0,2878.0,99.0,2979.0,3483.0,4241.0,3167.1428571428573,39053.14285676918,-76.0,-270.0,6,2,1
2025-02-10,16.0,18.0,15.0,2834.0,63.0,2878.0,3403.0,4161.0,3085.8571428571427,40570.47619009816,-48.0,-214.0,0,2,0
2025-02-11,11.0,22.0,12.0,2799.0,50.0,2834.0,3359.0,4096.0,3005.8571428571427,34383.809523427226,-38.0,-162.0,1,2,0
2025-02-12,16.0,20.0,20.0,2752.0,66.0,2799.0,3290.0,4036.0,2929.0,24776.66666628024,-46.0,-132.0,2,2,0
2025-02-13,15.0,10.0,23.0,2703.0,72.0,2752.0,3181.0,3923.0,2860.714285714286,17265.238094847944,-49.0,-133.0,3,2,0
2025-02-14,13.25,11.75,20.75,2660.25,57.75,2703.0,3080.0,3776.3333333333335,2800.75,11753.520832939888,-37.0,-132.0,4,2,0
2025-02-15,11.5,13.5,18.5,2617.5,43.5,2660.25,2979.0,3629.6666666666665,2749.1071428571427,8943.288690079911,-25.0,-111.0,5,2,1
2025-02-16,9.75,15.25,16.25,2574.75,29.25,2617.5,2878.0,3483.0,2705.785714285714,9051.592261506123,-13.0,-75.0,6,2,1
2025-02-17,8.0,17.0,14.0,2532.0,15.0,2574.75,2834.0,3403.0,2662.6428571428573,9173.83035674189,-1.0,-39.0,0,2,0
2025-02-18,18.0,19.0,11.0,2536.0,9.0,2532.0,2799.0,3359.0,2625.0714285714284,7101.1398805493845,2.0,-12.0,1,2,0
2025-02-19,12.0,17.0,17.0,2528.0,19.0,2536.0,2752.0,3290.0,2593.0714285714284,4791.806547214317,-2.0,-1.0,2,2,0
2025-02-20,13.0,25.0,15.0,2520.0,32.0,2528.0,2703.0,3181.0,2566.9285714285716,2870.306547212891,-17.0,-17.0,3,2,0
2025-02-21,11.0,22.0,12.666666666666666,2487.6666666666665,33.0,2520.0,2660.25,3080.0,2542.2738095238096,1756.7331345131322,-20.333333333333336,-39.333333333333336,4,2,0
2025-02-22,9.0,19.0,10.333333333333332,2455.3333333333335,34.0,2487.6666666666665,2617.5,2979.0,2519.1071428571427,1447.2007271044488,-23.666666666666668,-61.0,5,2,1
2025-02-23,7.0,16.0,8.0,2423.0,35.0,2455.3333333333335,2574.75,2878.0,2497.4285714285716,1922.3227509127976,-27.0,-71.0,6,2,1
2025-02-24,20.0,22.0,14.0,2413.0,24.0,2423.0,2532.0,2834.0,2480.4285714285716,2573.9894175785485,-10.0,-60.66666666666667,0,2,0
2025-02-25,11.0,7.0,7.0,2413.0,23.0,2413.0,2536.0,2799.0,2462.8571428571427,2456.8465604347457,-16.0,-53.0,1,2,0
2025-02-26,12.0,21.0,1.0,2411.0,23.0,2413.0,2528.0,2752.0,2446.1428571428573,1871.8465604338496,-22.0,-48.0,2,2,0
2025-02-27,10.0,15.0,17.0,2391.0,37.0,2411.0,2520.0,2703.0,2427.714285714286,1073.275131861437,-20.0,-58.0,3,2,0
2025-02-28,10.666666666666666,18.0,12.666666666666668,2359.6666666666665,35.0,2391.0,2487.6666666666665,2660.25,2409.4285714285716,855.8783064636515,-22.333333333333332,-64.33333333333333,4,2,0
2025-03-01,11.333333333333334,21.0,8.333333333333334,2328.3333333333335,33.0,2359.6666666666665,2455.3333333333335,2617.5,2391.285714285714,1216.7195763039624,-24.666666666666664,-67.0,5,3,1
2025-03-02,12.0,24.0,4.0,2297.0,31.0,2328.3333333333335,2423.0,2574.75,2373.285714285714,2152.7195763030268,-27.0,-74.0,6,3,1
2025-03-03,8.0,29.0,18.0,2287.0,25.0,2297.0,2413.0,2532.0,2355.285714285714,2752.719576302088,-7.0,-58.66666666666667,0,3,0
2025-03-04,4.0,25.0,10.0,2272.0,30.0,2287.0,2413.0,2536.0,2335.1428571428573,2880.291004872464,-20.0,-54.0,1,3,0
2025-03-05,5.0,20.0,4.0,2238.0,40.0,2272.0,2411.0,2528.0,2310.4285714285716,2781.4338620140184,-36.0,-63.0,2,3,0
2025-03-06,7.0,27.0,6.0,2218.0,33.0,2238.0,2391.0,2520.0,2285.714285714286,2410.719576298428,-27.0,-83.0,3,3,0
2025-03-07,8.666666666666666,26.333333333333332,9.0,2191.0,32.0,2218.0,2359.6666666666665,2487.6666666666665,2261.6190476190477,2317.015872593451,-23.0,-86.0,4,3,0
2025-03-08,10.333333333333334,25.666666666666668,12.0,2164.0,31.0,2191.0,2328.3333333333335,2455.3333333333335,2238.1428571428573,2520.476190052527,-19.0,-69.0,5,3,1
2025-03-09,12.0,25.0,15.0,2137.0,30.0,2164.0,2297.0,2423.0,2215.285714285714,3038.5714281465675,-15.0,-57.0,6,3,1
2025-03-10,6.0,28.0,8.0,2125.0,23.0,2137.0,2287.0,2413.0,2192.1428571428573,2915.1428567167836,-15.0,-49.0,0,3,0
2025-03-11,3.0,11.0,7.0,2116.0,20.0,2125.0,2272.0,2413.0,2169.8571428571427,2239.1428567156136,-13.0,-43.0,1,3,0
2025-03-12,6.0,18.0,2.0,2113.0,8.0,2116.0,2238.0,2411.0,2152.0,1631.9999995718151,-6.0,-34.0,2,3,0
2025-03-13,4.0,20.0,9.0,2116.0,6.0,2113.0,2218.0,2391.0,2137.4285714285716,874.2857138567591,3.0,-16.0,3,3,0
2025-03-14,3.0,16.333333333333332,8.666666666666666,2116.3333333333335,5.666666666666667,2116.0,2191.0,2359.6666666666665,2126.761904761905,337.3968249673073,2.999999999999999,-8.881784197001252e-16,4,3,0
2025-03-15,2.0,12.666666666666668,8.333333333333334,2116.6666666666665,5.333333333333333,2116.3333333333335,2164.0,2328.3333333333335,2120.0,69.92592549605298,3.000000000000001,9.0,5,3,1
2025-03-16,1.0,9.0,8.0,2117.0,5.0,2116.6666666666665,2137.0,2297.0,2117.1428571428573,13.735449305425213,3.0,9.0,6,3,1
2025-03-17,5.0,14.0,0.0,2111.0,8.0,2117.0,2125.0,2287.0,2115.1428571428573,5.068782638653501,-8.0,-1.9999999999999991,0,3,0
2025-03-18,19.0,34.0,6.0,2109.0,8.0,2111.0,2116.0,2272.0,2114.1428571428573,10.068782638600826,-2.0,-7.0,1,3,0
2025-03-19,6.0,22.0,14.0,2119.0,9.0,2109.0,2113.0,2238.0,2115.0,12.9259254957885,5.0,-5.0,2,3,0
2025-03-20,9.0,20.0,11.0,2124.0,7.0,2119.0,2116.0,2218.0,2116.1428571428573,24.735449305371173,4.0,7.0,3,3,0
2025-03-21,11.0,23.0,10.333333333333334,2128.0,5.333333333333333,2124.0,2116.3333333333335,2191.0,2117.809523809524,44.92063449064246,5.000000000000001,14.0,4,3,0
2025-03-22,13.0,26.0,9.666666666666666,2132.0,3.6666666666666665,2128.0,2116.6666666666665,2164.0,2120.0,72.66666623678786,6.0,15.0,5,3,1
2025-03-23,15.0,29.0,9.0,2136.0,2.0,2132.0,2117.0,2137.0,2122.714285714286,105.23809480835718,7.0,18.0,6,3,1
2025-03-24,7.0,13.0,11.0,2139.0,7.0,2136.0,2111.0,2125.0,2126.714285714286,107.90476147523181,4.0,17.0,0,3,0
2025-03-25,12.0,19.0,7.0,2145.0,6.0,2139.0,2109.0,2116.0,2131.8571428571427,80.47619004692844,1.0,12.0,1,3,0
2025-03-26,9.0,21.0,15.0,2159.0,2.0,2145.0,2119.0,2113.0,2137.5714285714284,137.61904719008587,13.0,18.0,2,3,0
2025-03-27,1.0,19.0,13.0,2159.0,2.0,2159.0,2124.0,2116.0,2142.5714285714284,154.2857138570144,11.0,25.0,3,3,0
2025-03-28,3.6666666666666665,19.333333333333332,10.333333333333334,2168.6666666666665,2.0,2159.0,2128.0,2116.3333333333335,2148.3809523809523,193.0158725874788,8.333333333333334,32.333333333333336,4,3,0
2025-03-29,6.333333333333333,19.666666666666668,7.666666666666667,2178.3333333333335,2.0,2168.6666666666665,2132.0,2116.6666666666665,2155.0,246.7037032756629,5.666666666666667,25.0,5,3,1
2025-03-30,9.0,20.0,5.0,2188.0,2.0,2178.3333333333335,2136.0,2117.0,2162.4285714285716,303.65608422843735,3.0,17.0,6,3,1
2025-03-31,9.0,25.0,8.0,2193.0,5.0,2188.0,2139.0,2111.0,2170.1428571428573,298.51322708598565,3.0,11.666666666666668,0,3,0
2025-04-01,17.0,36.0,7.0,2191.0,12.0,2193.0,2145.0,2109.0,2176.714285714286,215.27513184823593,-5.0,1.0,1,4,0
2025-04-02,5.0,31.0,16.0,2208.0,3.0,2191.0,2159.0,2119.0,2183.714285714286,268.94179851527343,13.0,11.0,2,4,0
2025-04-03,12.0,26.0,18.0,2223.0,8.0,2208.0,2159.0,2124.0,2192.8571428571427,326.8465604205226,10.0,18.0,3,4,0
2025-04-04,10.333333333333334,22.0,14.333333333333334,2226.6666666666665,9.0,2223.0,2168.6666666666665,2128.0,2201.1428571428573,339.73544930985105,5.333333333333334,28.333333333333336,4,4,0
2025-04-05,8.666666666666666,18.0,10.666666666666668,2230.3333333333335,10.0,2226.6666666666665,2178.3333333333335,2132.0,2208.5714285714284,330.6560842308872,0.6666666666666679,16.0,5,4,1
2025-04-06,7.0,14.0,7.0,2234.0,11.0,2230.3333333333335,2188.0,2136.0,2215.1428571428573,317.51322708838217,-4.0,2.0000000000000018,6,4,1
2025-04-07,12.0,22.0,9.0,2237.0,5.0,2234.0,2193.0,2139.0,2221.4285714285716,269.3227508982425,4.0,0.6666666666666679,0,4,0
2025-04-08,12.0,34.0,12.0,2243.0,9.0,2237.0,2191.0,2145.0,2228.8571428571427,128.17989375578418,3.0,3.0,1,4,0
2025-04-09,6.0,19.0,10.0,2251.0,5.0,2243.0,2208.0,2159.0,2235.0,93.37036994658801,5.0,12.0,2,4,0
2025-04-10,18.0,25.0,17.0,2265.0,6.0,2251.0,2223.0,2159.0,2241.0,177.3703699469054,11.0,19.0,3,4,0
2025-04-11,8.0,22.0,8.0,2267.0,9.0,2265.0,2226.6666666666665,2168.6666666666665,2246.761904761905,217.063491640333,-1.0,15.0,4,4,0
2025-04-12,6.5,24.0,9.0,2275.0,6.0,2267.0,2230.3333333333335,2178.3333333333335,2253.1428571428573,257.4761900533744,3.0,13.0,5,4,1
2025-04-13,5.0,26.0,10.0,2283.0,3.0,2275.0,2234.0,2188.0,2260.1428571428573,287.80952338708227,7.0,9.0,6,4,1
2025-04-14,5.0,26.0,9.0,2282.0,13.0,2283.0,2237.0,2193.0,2266.5714285714284,229.95238053028402,-4.0,6.0,0,4,0
2025-04-15,4.0,19.0,12.0,2286.0,7.0,2282.0,2243.0,2191.0,2272.714285714286,156.23809481632767,5.0,8.0,1,4,0
2025-04-16,11.0,30.0,5.0,2291.0,8.0,2286.0,2251.0,2208.0,2278.4285714285716,95.28571386425578,-3.0,-2.0,2,4,0
2025-04-17,7.0,26.0,10.0,2288.0,14.0,2291.0,2265.0,2223.0,2281.714285714286,67.90476148348054,-4.0,-2.0,3,4,0
2025-04-18,6.0,22.333333333333332,8.666666666666666,2293.6666666666665,10.666666666666666,2288.0,2267.0,2226.6666666666665,2285.5238095238096,38.698412277336395,-2.0,-9.0,4,4,0
2025-04-19,5.0,18.666666666666668,7.333333333333334,2299.3333333333335,7.333333333333333,2293.6666666666665,2275.0,2230.3333333333335,2289.0,37.925925505036204,8.881784197001252e-16,-5.999999999999999,5,4,1
2025-04-20,4.0,15.0,6.0,2305.0,4.0,2299.3333333333335,2283.0,2234.0,2292.1428571428573,63.06878264805912,2.0,8.881784197001252e-16,6,4,1
2025-04-21,10.0,25.0,5.0,2308.0,6.0,2305.0,2282.0,2237.0,2295.8571428571427,71.73544931492073,-1.0,1.0000000000000009,0,4,0
2025-04-22,7.0,19.0,14.0,2305.0,17.0,2308.0,2286.0,2243.0,2298.5714285714284,60.87830645792056,-3.0,-2.0,1,4,0
2025-04-23,3.0,23.0,4.0,2300.0,11.0,2305.0,2291.0,2251.0,2299.8571428571427,49.73544931513075,-7.0,-11.0,2,4,0
2025-04-24,3.0,9.0,7.0,2294.0,13.0,2300.0,2288.0,2265.0,2300.714285714286,31.164020743746878,-6.0,-16.0,3,4,0
2025-04-25,5.0,19.333333333333336,8.666666666666666,2296.3333333333335,10.0,2294.0,2293.6666666666665,2267.0,2301.095238095238,25.915343495089104,-1.333333333333334,-14.333333333333334,4,4,0
2025-04-26,7.0,29.666666666666668,10.333333333333334,2298.6666666666665,7.0,2296.3333333333335,2299.3333333333335,2275.0,2301.0,26.37036995011073,3.333333333333334,-4.0,5,4,1
2025-04-27,9.0,40.0,12.0,2301.0,4.0,2298.6666666666665,2305.0,2283.0,2300.4285714285716,23.32275090246132,8.0,10.0,6,4,1
2025-04-28,6.0,26.0,12.0,2307.0,8.0,2301.0,2308.0,2282.0,2300.285714285714,20.941798521501493,4.0,15.333333333333334,0,4,0
2025-04-29,11.0,25.0,11.0,2304.0,15.0,2307.0,2305.0,2286.0,2300.1428571428573,19.513227092922435,-4.0,8.0,1,4,0
2025-04-30,7.0,34.0,9.0,2309.0,12.0,2304.0,2300.0,2291.0,2301.4285714285716,30.656084235850127,-3.0,-3.0,2,4,0
2025-05-01,13.0,32.0,14.0,2306.0,16.0,2309.0,2294.0,2288.0,2303.1428571428573,21.513227093087014,-2.0,-9.0,3,5,0
2025-05-02,11.666666666666666,31.666666666666668,12.666666666666666,2315.6666666666665,12.333333333333334,2306.0,2296.3333333333335,2293.6666666666665,2305.904761904762,31.026454606464615,0.33333333333333215,-4.666666666666668,4,5,0
2025-05-03,10.333333333333334,31.333333333333332,11.333333333333334,2325.3333333333335,8.666666666666668,2315.6666666666665,2298.6666666666665,2299.3333333333335,2309.714285714286,68.27513185534835,2.666666666666666,0.9999999999999982,5,5,1
2025-05-04,9.0,31.0,10.0,2335.0,5.0,2325.3333333333335,2301.0,2305.0,2314.5714285714284,134.65608423656363,5.0,7.999999999999998,6,5,1
2025-05-05,15.0,44.0,20.0,2331.0,17.0,2335.0,2307.0,2308.0,2318.0,156.37036995103531,3.0,10.666666666666666,0,5,0
2025-05-06,10.0,33.0,16.0,2339.0,16.0,2331.0,2304.0,2305.0,2323.0,168.03703661797294,0.0,8.0,1,5,0
2025-05-07,10.0,30.0,15.0,2335.0,10.0,2339.0,2309.0,2300.0,2326.714285714286,143.27513185626935,5.0,8.0,2,5,0
2025-05-08,15.0,24.0,16.0,2361.0,11.0,2335.0,2306.0,2294.0,2334.5714285714284,195.65608423764672,5.0,10.0,3,5,0
2025-05-09,15.0,22.666666666666668,14.666666666666666,2369.0,8.333333333333334,2361.0,2315.6666666666665,2296.3333333333335,2342.1904761904766,265.9206345026111,6.333333333333332,16.333333333333332,4,5,0
2025-05-10,15.0,21.333333333333332,13.333333333333334,2377.0,5.666666666666667,2369.0,2325.3333333333335,2298.6666666666665,2349.5714285714284,356.95238053476004,7.666666666666667,19.0,5,5,1
2025-05-11,15.0,20.0,12.0,2385.0,3.0,2377.0,2335.0,2301.0,2356.714285714286,471.238094820865,9.0,23.0,6,5,1
2025-05-12,7.0,33.0,14.0,2392.0,7.0,2385.0,2331.0,2307.0,2365.4285714285716,479.9523805356279,7.0,23.666666666666668,0,5,0
2025-05-13,18.0,29.0,12.0,2394.0,11.0,2392.0,2339.0,2304.0,2373.285714285714,427.57142815510866,1.0,17.0,1,5,0
2025-05-14,7.0,30.0,14.0,2394.0,11.0,2394.0,2335.0,2309.0,2381.714285714286,171.90476148891102,3.0,11.0,2,5,0
2025-05-15,15.0,31.0,14.0,2410.0,14.0,2394.0,2361.0,2306.0,2388.714285714286,176.57142815596922,0.0,4.0,3,5,0
2025-05-16,14.333333333333334,30.0,14.0,2419.0,12.333333333333334,2410.0,2369.0,2315.6666666666665,2395.8571428571427,205.14285672780065,1.666666666666666,4.666666666666666,4,5,0
2025-05-17,13.666666666666666,29.0,14.0,2428.0,10.666666666666666,2419.0,2377.0,2325.3333333333335,2403.1428571428573,256.14285672821285,3.333333333333334,5.0,5,5,1
2025-05-18,13.0,28.0,14.0,2437.0,9.0,2428.0,2385.0,2335.0,2410.5714285714284,327.9523805381577,5.0,10.0,6,5,1
2025-05-19,7.0,27.0,17.0,2457.0,6.0,2437.0,2392.0,2331.0,2419.8571428571427,529.14285672916,11.0,19.333333333333336,0,5,0
2025-05-20,10.5,44.5,15.0,2462.0,12.0,2457.0,2394.0,2339.0,2429.5714285714284,603.6190472059008,3.0,19.0,1,5,0
2025-05-21,14.0,62.0,13.0,2467.0,18.0,2462.0,2394.0,2335.0,2440.0,499.3333329207747,-5.0,9.0,2,5,0
2025-05-22,18.0,36.0,17.0,2473.0,15.0,2467.0,2410.0,2361.0,2449.0,436.3333329212815,2.0,0.0,3,5,0
2025-05-23,15.6,33.6,15.0,2479.2,14.2,2473.0,2419.0,2369.0,2457.6,352.0533329217648,0.8000000000000007,-2.1999999999999993,4,5,0
2025-05-24,13.2,31.2,13.0,2485.4,13.4,2479.2,2428.0,2377.0,2465.7999999999997,256.3866662555624,-0.40000000000000036,2.4000000000000004,5,5,1
2025-05-25,10.8,28.8,11.0,2491.6,12.6,2485.4,2437.0,2385.0,2473.6,158.10666625600356,-1.5999999999999996,-1.1999999999999993,6,5,1
2025-05-26,8.4,26.4,9.0,2497.8,11.8,2491.6,2457.0,2392.0,2479.4285714285716,170.15238054204642,-2.8000000000000007,-4.800000000000001,0,5,0
2025-05-27,6.0,24.0,7.0,2504.0,11.0,2497.8,2462.0,2394.0,2485.4285714285716,178.15238054238247,-4.0,-8.4,1,5,0
2025-05-28,12.0,39.0,12.0,2499.0,14.0,2504.0,2467.0,2394.0,2490.0,127.86666625692514,-2.0,-8.8,2,5,0
2025-05-29,13.0,38.0,15.0,2506.0,11.0,2499.0,2473.0,2410.0,2494.714285714286,96.43809482861832,4.0,-2.0,3,5,0
2025-05-30,11.333333333333334,33.333333333333336,15.333333333333334,2513.3333333333335,11.333333333333334,2506.0,2479.2,2419.0,2499.590476190476,86.36063451143112,4.0,6.0,4,5,0
2025-05-31,9.666666666666666,28.666666666666664,15.666666666666666,2520.6666666666665,11.666666666666666,2513.3333333333335,2485.4,2428.0,2504.628571428572,97.22052869160767,4.0,12.0,5,5,1
2025-06-01,8.0,24.0,16.0,2528.0,12.0,2520.6666666666665,2491.6,2437.0,2509.8285714285716,128.42052869189845,4.0,12.0,6,6,1
2025-06-02,10.0,19.0,5.0,2518.0,16.0,2528.0,2497.8,2457.0,2512.714285714286,105.71957631110836,-11.0,-3.0,0,6,0
2025-06-03,5.0,23.0,11.0,2519.0,15.0,2518.0,2504.0,2462.0,2514.8571428571427,94.29100488265662,-4.0,-11.0,1,6,0
2025-06-04,4.0,16.0,9.0,2516.0,16.0,2519.0,2499.0,2467.0,2517.285714285714,45.719576311363,-7.0,-22.0,2,6,0
2025-06-05,8.0,26.0,5.0,2503.0,21.0,2516.0,2506.0,2473.0,2516.8571428571427,58.2910048827674,-16.0,-27.0,3,6,0
2025-06-06,8.666666666666666,22.666666666666668,8.333333333333334,2504.3333333333335,18.333333333333332,2503.0,2513.3333333333335,2479.2,2515.5714285714284,80.43386202555271,-9.999999999999998,-33.0,4,6,0
2025-06-07,9.333333333333334,19.333333333333332,11.666666666666668,2505.6666666666665,15.666666666666668,2504.3333333333335,2520.6666666666665,2485.4,2513.4285714285716,87.1005286921008,-4.0,-30.0,5,6,1
2025-06-08,10.0,16.0,15.0,2507.0,13.0,2505.6666666666665,2528.0,2491.6,2510.4285714285716,48.100528691932304,2.0,-11.999999999999998,6,6,1
2025-06-09,8.0,21.0,14.0,2516.0,9.0,2507.0,2518.0,2497.8,2510.1428571428573,43.62433821572579,5.0,3.0,0,6,0
2025-06-10,17.0,28.0,7.0,2511.0,12.0,2516.0,2519.0,2504.0,2509.0,29.14814773947164,-5.0,2.0,1,6,0
2025-06-11,15.571428571428571,27.428571428571427,7.428571428571429,2512.714285714286,12.285714285714286,2511.0,2516.0,2499.0,2508.530612244898,23.023755125256944,-4.857142857142858,-4.857142857142858,2,6,0
2025-06-12,14.142857142857142,26.857142857142858,7.857142857142857,2514.4285714285716,12.571428571428571,2512.714285714286,2503.0,2506.0,2510.163265306123,20.61364822544678,-4.714285714285714,-14.571428571428573,3,6,0
2025-06-13,12.714285714285715,26.285714285714285,8.285714285714285,2516.1428571428573,12.857142857142858,2514.4285714285716,2504.3333333333335,2513.3333333333335,2511.8503401360545,17.587625117886905,-4.571428571428573,-14.142857142857146,4,6,0
2025-06-14,11.285714285714285,25.714285714285715,8.714285714285714,2517.8571428571427,13.142857142857142,2516.1428571428573,2505.6666666666665,2520.6666666666665,2513.591836734694,13.689989873410724,-4.428571428571429,-13.714285714285715,5,6,1
2025-06-15,9.857142857142858,25.142857142857142,9.142857142857142,2519.5714285714284,13.428571428571429,2517.8571428571427,2507.0,2528.0,2515.387755102041,8.644314460490923,-4.2857142857142865,-13.285714285714288,6,6,1
2025-06-16,8.428571428571429,24.571428571428573,9.571428571428571,2521.285714285714,13.714285714285714,2519.5714285714284,2516.0,2518.0,2516.1428571428573,13.714285306015446,-4.142857142857142,-12.857142857142858,0,6,0
2025-06-17,7.0,24.0,10.0,2523.0,14.0,2521.285714285714,2511.0,2519.0,2517.8571428571427,13.714285306114904,-4.0,-12.42857142857143,1,6,0
2025-06-18,7.5,21.5,8.5,2512.0,16.0,2523.0,2512.714285714286,2516.0,2517.7551020408164,15.011661399403346,-7.5,-15.642857142857142,2,6,0
2025-06-19,8.0,19.0,7.0,2501.0,18.0,2512.0,2514.4285714285716,2503.0,2515.836734693878,55.66277898918495,-11.0,-22.5,3,6,0
2025-06-20,7.666666666666667,17.0,6.333333333333333,2503.3333333333335,14.333333333333334,2501.0,2516.1428571428573,2504.3333333333335,2514.006802721088,77.79624189805115,-8.0,-26.5,4,6,0
2025-06-21,7.333333333333333,15.0,5.666666666666667,2505.6666666666665,10.666666666666668,2503.3333333333335,2517.8571428571427,2505.6666666666665,2512.265306122449,83.38008813485838,-5.000000000000001,-24.0,5,6,1
2025-06-22,7.0,13.0,5.0,2508.0,7.0,2505.6666666666665,2519.5714285714284,2507.0,2510.612244897959,74.32761000065234,-2.0,-15.0,6,6,1
2025-06-23,3.0,15.0,5.0,2495.0,17.0,2508.0,2521.285714285714,2516.0,2506.8571428571427,79.51322710442001,-12.0,-19.0,0,6,0
2025-06-24,5.0,20.0,5.0,2489.0,16.0,2495.0,2523.0,2511.0,2502.0,61.70370329461654,-11.0,-25.0,1,6,0
2025-06-25,6.0,12.0,2.0,2470.0,24.0,2489.0,2512.0,2512.714285714286,2496.0,173.70370329427365,-22.0,-45.0,2,6,0
2025-06-26,3.0,9.0,7.0,2447.0,35.0,2470.0,2501.0,2514.4285714285716,2488.285714285714,500.2751318652586,-28.0,-61.0,3,6,0
2025-06-27,3.6666666666666665,11.666666666666666,7.0,2435.6666666666665,30.0,2447.0,2503.3333333333335,2516.1428571428573,2478.6190476190473,814.978835568411,-23.0,-73.0,4,6,0
2025-06-28,4.333333333333333,14.333333333333332,7.0,2424.3333333333335,25.0,2435.6666666666665,2505.6666666666665,2517.8571428571427,2467.0,1026.7037032926148,-18.0,-69.0,5,6,1
2025-06-29,5.0,17.0,7.0,2413.0,20.0,2424.3333333333335,2508.0,2519.5714285714284,2453.4285714285716,1017.6560842442137,-13.0,-54.0,6,6,1
2025-06-30,9.0,22.0,8.0,2407.0,16.0,2413.0,2495.0,2521.285714285714,2440.8571428571427,904.5132271006268,-8.0,-39.0,0,6,0
2025-07-01,7.0,14.0,6.0,2391.0,22.0,2407.0,2489.0,2523.0,2426.8571428571427,703.8465604331504,-16.0,-37.0,1,7,0
2025-07-02,8.0,20.0,9.0,2373.0,38.0,2391.0,2470.0,2512.0,2413.0,653.0370366228289,-29.0,-53.0,2,7,0
2025-07-03,7.0,19.25,7.25,2362.75,30.5,2373.0,2447.0,2501.0,2400.964285714286,712.2126318602368,-23.25,-68.25,3,7,0
2025-07-04,6.0,18.5,5.5,2352.5,23.0,2362.75,2435.6666666666665,2503.3333333333335,2389.0833333333335,738.2847218066505,-17.5,-69.75,4,7,0
2025-07-05,5.0,17.75,3.75,2342.25,15.5,2352.5,2424.3333333333335,2505.6666666666665,2377.3571428571427,736.3303567266162,-11.75,-52.5,5,7,1
2025-07-06,4.0,17.0,2.0,2332.0,8.0,2342.25,2413.0,2508.0,2365.785714285714,711.2589281545324,-6.0,-35.25,6,7,1
2025-07-07,3.0,18.0,8.0,2317.0,20.0,2332.0,2407.0,2495.0,2352.9285714285716,631.9732138680894,-12.0,-29.75,0,7,0
2025-07-08,5.0,16.0,8.0,2306.0,20.0,2317.0,2391.0,2489.0,2340.785714285714,585.4255948197768,-12.0,-30.0,1,7,0
2025-07-09,2.0,18.0,0.0,2281.0,32.0,2306.0,2373.0,2470.0,2327.6428571428573,806.6636900571143,-32.0,-56.0,2,7,0
2025-07-10,2.0,12.0,3.0,2252.0,39.0,2281.0,2362.75,2447.0,2311.8214285714284,1262.8482138657257,-36.0,-80.0,3,7,0
2025-07-11,1.6666666666666667,12.333333333333334,3.3333333333333335,2236.0,29.333333333333336,2252.0,2352.5,2435.6666666666665,2295.1785714285716,1622.0565471980983,-26.000000000000004,-94.0,4,7,0
2025-07-12,1.3333333333333335,12.666666666666666,3.6666666666666665,2220.0,19.666666666666668,2236.0,2342.25,2424.3333333333335,2277.714285714286,1838.9047614827994,-16.0,-78.0,5,7,1
2025-07-13,1.0,13.0,4.0,2204.0,10.0,2220.0,2332.0,2413.0,2259.4285714285716,1863.2857138626853,-6.0,-48.0,6,7,1
2025-07-14,2.0,9.0,1.0,2181.0,26.0,2204.0,2317.0,2407.0,2240.0,1895.6666662425098,-25.0,-47.0,0,7,0
2025-07-15,0.0,8.0,5.0,2171.0,17.0,2181.0,2306.0,2391.0,2220.714285714286,1529.238094812815,-12.0,-43.0,1,7,0
2025-07-16,1.0,9.0,0.0,2164.0,11.0,2171.0,2281.0,2373.0,2204.0,1133.6666662404107,-11.0,-48.0,2,7,0
2025-07-17,3.0,16.0,2.0,2153.0,17.0,2164.0,2252.0,2362.75,2189.8571428571427,949.8095233824453,-15.0,-38.0,3,7,0
2025-07-18,3.25,16.5,3.25,2145.0,16.75,2153.0,2236.0,2352.5,2176.8571428571427,733.1428567150288,-13.5,-39.5,4,7,0
2025-07-19,3.5,17.0,4.5,2137.0,16.5,2145.0,2220.0,2342.25,2165.0,523.6666662381555,-12.0,-40.5,5,7,1
2025-07-20,3.75,17.5,5.75,2129.0,16.25,2137.0,2204.0,2332.0,2154.285714285714,352.2380948089697,-10.5,-36.0,6,7,1
2025-07-21,4.0,18.0,7.0,2121.0,16.0,2129.0,2181.0,2317.0,2145.714285714286,332.2380948084799,-9.0,-31.5,0,7,0
2025-07-22,5.0,13.0,3.0,2117.0,16.0,2121.0,2171.0,2306.0,2138.0,293.6666662366096,-13.0,-32.5,1,7,0
2025-07-23,6.0,21.0,5.0,2111.0,14.0,2117.0,2164.0,2281.0,2130.4285714285716,235.6190471885544,-9.0,-31.0,2,7,0
2025-07-24,6.0,18.0,7.0,2096.0,29.0,2111.0,2153.0,2252.0,2122.285714285714,270.9047614737991,-22.0,-44.0,3,7,0
2025-07-25,4.333333333333333,16.0,5.333333333333333,2093.3333333333335,20.666666666666664,2096.0,2145.0,2236.0,2114.904761904762,261.063491632105,-15.333333333333332,-46.33333333333333,4,7,0
2025-07-26,2.6666666666666665,14.0,3.6666666666666665,2090.6666666666665,12.333333333333332,2093.3333333333335,2137.0,2220.0,2108.285714285714,226.49735406558867,-8.666666666666666,-46.0,5,7,1
2025-07-27,1.0,12.0,2.0,2088.0,4.0,2090.6666666666665,2129.0,2204.0,2102.4285714285716,183.54497311287312,-2.0,-26.0,6,7,1
2025-07-28,2.0,9.0,3.0,2080.0,14.0,2088.0,2121.0,2181.0,2096.5714285714284,169.87830644587328,-11.0,-21.666666666666664,0,7,0
2025-07-29,2.0,8.0,3.0,2072.0,12.0,2080.0,2117.0,2171.0,2090.1428571428573,152.7354493026517,-9.0,-22.0,1,7,0
2025-07-30,4.0,15.0,4.0,2063.0,16.0,2072.0,2111.0,2164.0,2083.285714285714,148.16402073083464,-12.0,-32.0,2,7,0
2025-07-31,2.0,9.0,6.0,2058.0,15.0,2063.0,2096.0,2153.0,2077.8571428571427,193.4021159686224,-9.0,-30.0,3,7,0
2025-08-01,3.0,14.666666666666668,5.0,2055.0,11.666666666666666,2058.0,2093.3333333333335,2145.0,2072.3809523809523,205.57142813762073,-6.666666666666666,-27.666666666666664,4,8,0
2025-08-02,4.0,20.333333333333336,4.0,2052.0,8.333333333333332,2055.0,2090.6666666666665,2137.0,2066.8571428571427,183.47619004206842,-4.333333333333332,-20.0,5,8,1
2025-08-03,5.0,26.0,3.0,2049.0,5.0,2052.0,2088.0,2129.0,2061.285714285714,125.90476147032238,-2.0,-12.999999999999998,6,8,1
2025-08-04,5.0,22.0,11.0,2040.0,14.0,2049.0,2080.0,2121.0,2055.5714285714284,104.95238051761253,-3.0,-9.333333333333332,0,8,0
2025-08-05,2.0,21.0,10.0,2042.0,14.0,2040.0,2072.0,2117.0,2051.285714285714,69.23809480307942,-4.0,-9.0,1,8,0
2025-08-06,4.0,17.0,3.0,2036.0,13.0,2042.0,2063.0,2111.0,2047.4285714285713,67.95238051714485,-10.0,-17.0,2,8,0
2025-08-07,4.0,18.0,6.0,2031.0,17.0,2036.0,2058.0,2096.0,2043.5714285714287,76.95238051692463,-11.0,-25.0,3,8,0
2025-08-08,2.666666666666667,18.0,6.666666666666667,2022.6666666666667,15.333333333333334,2031.0,2055.0,2093.3333333333335,2038.952380952381,103.1269836912633,-8.666666666666668,-29.666666666666668,4,8,0
2025-08-09,1.3333333333333335,18.0,7.333333333333333,2014.3333333333333,13.666666666666666,2022.6666666666667,2052.0,2090.6666666666665,2033.5714285714287,141.98941755339004,-6.333333333333333,-26.0,5,8,1
2025-08-10,0.0,18.0,8.0,2006.0,12.0,2014.3333333333333,2049.0,2088.0,2027.4285714285713,184.98941755303795,-4.0,-19.0,6,8,1
2025-08-11,6.0,23.0,4.0,1999.0,16.0,2006.0,2040.0,2080.0,2021.5714285714287,253.32275088603444,-12.0,-22.333333333333332,0,8,0
2025-08-12,8.0,38.0,9.0,1999.0,9.0,1999.0,2042.0,2072.0,2015.4285714285713,224.65608421901405,0.0,-16.0,1,8,0
2025-08-13,6.0,22.0,12.0,1997.0,17.0,1999.0,2036.0,2063.0,2009.857142857143,174.51322707583736,-5.0,-17.0,2,8,0
2025-08-14,3.0,27.0,4.0,1994.0,11.0,1997.0,2031.0,2058.0,2004.5714285714287,109.32275088505946,-7.0,-12.0,3,8,0
2025-08-15,3.3333333333333335,22.666666666666668,3.3333333333333335,1993.0,8.333333333333334,1994.0,2022.6666666666667,2055.0,2000.3333333333335,56.1111106731769,-5.0,-17.0,4,8,0
2025-08-16,3.6666666666666665,18.333333333333336,2.666666666666667,1992.0,5.666666666666667,1993.0,2014.3333333333333,2052.0,1997.142857142857,23.142856704741842,-3.0,-15.0,5,8,1
2025-08-17,4.0,14.0,2.0,1991.0,3.0,1992.0,2006.0,2049.0,1995.0,10.999999561763078,-1.0,-9.0,6,8,1
2025-08-18,4.0,20.0,6.0,1985.0,14.0,1991.0,1999.0,2040.0,1993.0,20.33333289498265,-8.0,-12.0,0,8,0
2025-08-19,5.0,35.0,3.0,1980.0,11.0,1985.0,1999.0,2042.0,1990.2857142857142,33.90476146625691,-8.0,-17.0,1,8,0
2025-08-20,10.0,38.0,10.0,1983.0,10.0,1980.0,1997.0,2036.0,1988.2857142857142,30.571428132809956,0.0,-16.0,2,8,0
2025-08-21,6.0,49.0,8.0,1972.0,21.0,1983.0,1994.0,2031.0,1985.142857142857,57.809523370726275,-13.0,-21.0,3,8,0
2025-08-22,5.333333333333333,39.666666666666664,7.0,1975.0,15.666666666666668,1972.0,1993.0,2022.6666666666667,1982.5714285714287,56.95238051343691,-8.666666666666668,-21.666666666666668,4,8,0
2025-08-23,4.666666666666667,30.333333333333332,6.0,1978.0,10.333333333333334,1975.0,1992.0,2014.3333333333333,1980.5714285714287,40.95238051332254,-4.333333333333334,-26.0,5,8,1
2025-08-24,4.0,21.0,5.0,1981.0,5.0,1978.0,1991.0,2006.0,1979.142857142857,20.476190037050554,0.0,-13.000000000000002,6,8,1
2025-08-25,8.0,30.0,8.0,1980.0,11.0,1981.0,1985.0,1999.0,1978.4285714285713,14.285713846533762,-3.0,-7.333333333333334,0,8,0
2025-08-26,10.0,21.0,20.0,1989.0,15.0,1980.0,1980.0,1999.0,1979.7142857142858,30.571428132320914,5.0,2.0,1,8,0
2025-08-27,5.0,19.0,9.0,1988.0,19.0,1989.0,1983.0,1997.0,1980.4285714285713,39.619047179980335,-10.0,-8.0,2,8,0
2025-08-28,8.0,33.0,6.0,1984.0,17.0,1988.0,1972.0,1994.0,1982.142857142857,26.476190037220025,-11.0,-16.0,3,8,0
2025-08-29,8.5,32.0,8.75,1990.5,14.0,1984.0,1975.0,1993.0,1984.357142857143,23.892856704011056,-5.25,-26.25,4,8,0
2025-08-30,9.0,31.0,11.5,1997.0,11.0,1990.5,1978.0,1992.0,1987.0714285714287,35.20238051368728,0.5,-15.75,5,8,1
2025-08-31,9.5,30.0,14.25,2003.5,8.0,1997.0,1981.0,1991.0,1990.2857142857142,61.98809479958155,6.25,1.5,6,8,1
2025-09-01,10.0,29.0,17.0,2010.0,5.0,2003.5,1980.0,1985.0,1994.5714285714287,87.70238051410702,12.0,18.75,0,9,0
2025-09-02,6.0,35.0,9.0,2020.0,9.0,2010.0,1989.0,1980.0,1999.0,167.41666622864008,0.0,18.25,1,9,0
2025-09-03,4.0,29.0,11.0,2019.0,10.0,2020.0,1988.0,1983.0,2003.4285714285713,191.03571384793383,1.0,13.0,2,9,0
2025-09-04,11.0,40.0,2.0,2015.0,14.0,2019.0,1984.0,1972.0,2007.857142857143,127.55952337198836,-12.0,-11.0,3,9,0
2025-09-05,8.666666666666666,33.0,4.333333333333334,2018.6666666666667,11.666666666666666,2015.0,1990.5,1975.0,2011.8809523809523,77.93253924522584,-7.333333333333332,-18.333333333333332,4,9,0
2025-09-06,6.333333333333333,26.0,6.666666666666667,2022.3333333333333,9.333333333333332,2018.6666666666667,1997.0,1978.0,2015.5,43.953703266588775,-2.666666666666665,-21.999999999999996,5,9,1
2025-09-07,4.0,19.0,9.0,2026.0,7.0,2022.3333333333333,2003.5,1981.0,2018.7142857142858,26.27513183819436,2.0,-7.999999999999997,6,9,1
2025-09-08,7.0,25.0,5.0,2025.0,6.0,2026.0,2010.0,1980.0,2020.857142857143,14.846560409740704,-1.0,-1.6666666666666652,0,9,0
2025-09-09,18.0,42.0,11.0,2023.0,14.0,2025.0,2020.0,1989.0,2021.2857142857142,15.275131838335687,-3.0,-2.0,1,9,0
2025-09-10,10.0,47.0,14.0,2025.0,18.0,2023.0,2019.0,1988.0,2022.142857142857,15.846560409811241,-4.0,-8.0,2,9,0
2025-09-11,12.0,38.0,29.0,2047.0,6.0,2025.0,2015.0,1984.0,2026.7142857142858,85.9417985052991,23.0,16.0,3,9,0
2025-09-12,10.333333333333334,38.333333333333336,23.666666666666668,2059.0,5.666666666666667,2047.0,2018.6666666666667,1990.5,2032.4761904761906,210.14285670667087,18.0,37.0,4,9,0
2025-09-13,8.666666666666666,38.666666666666664,18.333333333333336,2071.0,5.333333333333333,2059.0,2022.3333333333333,1997.0,2039.4285714285713,383.95238051657253,13.000000000000004,54.0,5,9,1
2025-09-14,7.0,39.0,13.0,2083.0,5.0,2071.0,2026.0,2003.5,2047.5714285714287,592.9523805170156,8.0,39.0,6,9,1
2025-09-15,9.0,47.0,10.0,2086.0,10.0,2083.0,2025.0,2010.0,2056.285714285714,665.5714281365364,0.0,21.000000000000004,0,9,0
2025-09-16,7.0,28.0,17.0,2095.0,12.0,2086.0,2023.0,2020.0,2066.5714285714284,607.2857138513806,5.0,13.0,1,9,0
2025-09-17,7.0,38.0,5.0,2096.0,13.0,2095.0,2025.0,2019.0,2076.714285714286,343.57142813764864,-8.0,-3.0,2,9,0
2025-09-18,20.0,52.0,11.0,2096.0,14.0,2096.0,2047.0,2015.0,2083.714285714286,201.23809480469995,-3.0,-6.0,3,9,0
2025-09-19,16.0,46.333333333333336,11.666666666666666,2108.6666666666665,11.0,2096.0,2059.0,2018.6666666666667,2090.809523809524,144.47619004318526,0.6666666666666661,-10.333333333333334,4,9,0
2025-09-20,12.0,40.666666666666664,12.333333333333334,2121.3333333333335,8.0,2108.6666666666665,2071.0,2022.3333333333333,2098.0,174.0370366044293,4.333333333333334,2.0,5,9,1
2025-09-21,8.0,35.0,13.0,2134.0,5.0,2121.3333333333335,2083.0,2026.0,2105.285714285714,290.6084651762613,8.0,13.0,6,9,1
2025-09-22,17.0,40.0,14.0,2141.0,10.0,2134.0,2086.0,2025.0,2113.1428571428573,369.17989374812623,4.0,16.333333333333336,0,9,0
2025-09-23,11.0,36.0,10.0,2145.0,15.0,2141.0,2095.0,2023.0,2120.285714285714,423.9417985104285,-5.0,7.0,1,9,0
2025-09-24,3.0,38.0,12.0,2138.0,17.0,2145.0,2096.0,2025.0,2126.285714285714,335.94179851076007,-5.0,-6.0,2,9,0
2025-09-25,6.0,35.0,12.0,2132.0,18.0,2138.0,2096.0,2047.0,2131.4285714285716,157.65608422532986,-6.0,-16.0,3,9,0
2025-09-26,7.666666666666667,33.0,12.0,2136.6666666666665,15.0,2132.0,2108.6666666666665,2059.0,2135.4285714285716,57.2116397811032,-3.0,-14.0,4,9,0
2025-09-27,9.333333333333334,31.0,12.0,2141.3333333333335,12.0,2136.6666666666665,2121.3333333333335,2071.0,2138.285714285714,20.386242955864933,0.0,-9.0,5,9,1
2025-09-28,11.0,29.0,12.0,2146.0,9.0,2141.3333333333335,2134.0,2083.0,2140.0,23.814814384531264,3.0,0.0,6,9,1
2025-09-29,8.0,35.0,12.0,2148.0,13.0,2146.0,2141.0,2086.0,2141.0,33.14814771791978,-1.0,2.0,0,9,0
2025-09-30,8.0,32.0,12.0,2159.0,7.0,2148.0,2145.0,2095.0,2143.0,79.81481438469679,5.0,7.0,1,9,0
2025-10-01,4.0,33.0,12.0,2163.0,14.0,2159.0,2138.0,2096.0,2146.5714285714284,127.43386200394188,-2.0,2.0,2,10,0
2025-10-02,20.0,51.0,15.0,2164.0,16.0,2163.0,2132.0,2096.0,2151.1428571428573,118.29100486133869,-1.0,2.0,3,10,0
2025-10-03,16.0,43.333333333333336,14.333333333333334,2169.3333333333335,16.0,2164.0,2136.6666666666665,2108.6666666666665,2155.809523809524,113.10581967641512,-1.666666666666666,-4.666666666666666,4,10,0
2025-10-04,12.0,35.666666666666664,13.666666666666666,2174.6666666666665,16.0,2169.3333333333335,2141.3333333333335,2121.3333333333335,2160.5714285714284,110.98941756028165,-2.333333333333334,-5.0,5,10,1
2025-10-05,8.0,28.0,13.0,2180.0,16.0,2174.6666666666665,2146.0,2134.0,2165.4285714285716,110.98941756055518,-3.0,-7.0,6,10,1
2025-10-06,5.0,33.0,15.0,2187.0,10.0,2180.0,2148.0,2141.0,2171.0,101.70370327515336,5.0,-0.3333333333333339,0,10,0
2025-10-07,11.0,45.0,4.0,2189.0,10.0,2187.0,2159.0,2145.0,2175.285714285714,110.27513184682344,-6.0,-4.0,1,10,0
2025-10-08,8.0,49.0,15.0,2192.0,17.0,2189.0,2163.0,2138.0,2179.4285714285716,111.65608422800831,-2.0,-3.0,2,10,0
2025-10-09,11.0,55.0,13.0,2192.0,12.0,2192.0,2164.0,2132.0,2183.4285714285716,79.65608422823296,1.0,-7.0,3,10,0
2025-10-10,10.25,47.25,11.5,2199.75,10.5,2192.0,2169.3333333333335,2136.6666666666665,2187.7738095238096,68.91369004858342,1.0,0.0,4,10,0
2025-10-11,9.5,39.5,10.0,2207.5,9.0,2199.75,2174.6666666666665,2141.3333333333335,2192.464285714286,79.4672614774171,1.0,3.0,5,10,1
2025-10-12,8.75,31.75,8.5,2215.25,7.5,2207.5,2180.0,2146.0,2197.5,110.52083290627041,1.0,3.0,6,10,1
2025-10-13,8.0,24.0,7.0,2223.0,6.0,2215.25,2187.0,2148.0,2202.6428571428573,169.6636900494182,1.0,3.0,0,10,0
2025-10-14,7.0,30.0,16.0,2235.0,8.0,2223.0,2189.0,2159.0,2209.214285714286,262.75892814503,8.0,10.0,1,10,0
2025-10-15,8.0,29.0,10.0,2225.0,15.0,2235.0,2192.0,2163.0,2213.9285714285716,228.9732138595846,-5.0,4.0,2,10,0
2025-10-16,9.0,33.0,15.0,2233.0,9.0,2225.0,2192.0,2164.0,2219.785714285714,169.4255948122999,6.0,9.0,3,10,0
2025-10-17,9.0,33.333333333333336,15.666666666666666,2234.3333333333335,8.333333333333334,2233.0,2199.75,2169.3333333333335,2224.7261904761904,109.31646782845696,7.333333333333332,8.333333333333332,4,10,0
2025-10-18,9.0,33.666666666666664,16.333333333333332,2235.6666666666665,7.666666666666667,2234.3333333333335,2207.5,2174.6666666666665,2228.75,60.91898105620095,8.666666666666664,21.999999999999996,5,10,1
2025-10-19,9.0,34.0,17.0,2237.0,7.0,2235.6666666666665,2215.25,2180.0,2231.8571428571427,30.62433819923632,10.0,25.999999999999996,6,10,1
2025-10-20,10.0,39.0,6.0,2243.0,7.0,2237.0,2223.0,2187.0,2234.714285714286,28.71957629463995,-1.0,17.666666666666664,0,10,0
2025-10-21,13.0,39.0,17.0,2251.0,9.0,2243.0,2235.0,2189.0,2237.0,66.81481439001162,8.0,17.0,1,10,0
2025-10-22,12.0,42.0,13.0,2261.0,12.0,2251.0,2225.0,2192.0,2242.1428571428573,107.95767153316778,1.0,8.0,2,10,0
2025-10-23,4.0,27.0,26.0,2266.0,18.0,2261.0,2233.0,2192.0,2246.8571428571427,162.95767153343982,8.0,17.0,3,10,0
2025-10-24,4.0,29.666666666666668,21.333333333333332,2269.3333333333335,15.333333333333334,2266.0,2234.3333333333335,2199.75,2251.8571428571427,191.8465604226185,5.999999999999998,14.999999999999998,4,10,0
2025-10-25,4.0,32.333333333333336,16.666666666666664,2272.6666666666665,12.666666666666668,2269.3333333333335,2235.6666666666665,2207.5,2257.1428571428573,187.73544931181178,3.9999999999999964,17.999999999999993,5,10,1
2025-10-26,4.0,35.0,12.0,2276.0,10.0,2272.6666666666665,2237.0,2215.25,2262.714285714286,143.164020740707,2.0,11.999999999999995,6,10,1
2025-10-27,2.0,31.0,8.0,2282.0,11.0,2276.0,2243.0,2223.0,2268.285714285714,104.16402074103165,-3.0,2.9999999999999964,0,10,0
2025-10-28,6.0,22.0,11.0,2286.0,6.0,2282.0,2251.0,2235.0,2273.285714285714,77.49735407465754,5.0,4.0,1,10,0
2025-10-29,6.0,25.0,4.0,2280.0,17.0,2286.0,2261.0,2225.0,2276.0,51.259258836721465,-13.0,-11.0,2,10,0
2025-10-30,3.0,17.0,14.0,2287.0,12.0,2280.0,2266.0,2233.0,2279.0,44.25925883689677,2.0,-6.0,3,10,0
2025-10-31,3.6666666666666665,18.333333333333332,12.666666666666666,2283.6666666666665,10.333333333333334,2287.0,2269.3333333333335,2234.3333333333335,2281.047619047619,27.423280001038304,2.333333333333332,-8.666666666666668,4,10,0
2025-11-01,4.333333333333333,19.666666666666668,11.333333333333334,2280.3333333333335,8.666666666666666,2283.6666666666665,2272.6666666666665,2235.6666666666665,2282.1428571428573,14.402115979938126,2.666666666666668,7.0,5,11,1
2025-11-02,5.0,21.0,10.0,2277.0,7.0,2280.3333333333335,2276.0,2237.0,2282.285714285714,12.497354075184672,3.0,8.0,6,11,1
2025-11-03,3.0,28.0,5.0,2269.0,12.0,2277.0,2282.0,2243.0,2280.4285714285716,37.87830645603122,-7.0,-1.3333333333333321,0,11,0
2025-11-04,6.0,33.0,6.0,2270.0,8.0,2269.0,2286.0,2251.0,2278.1428571428573,44.73544931304355,-2.0,-6.0,1,11,0
2025-11-05,8.0,41.0,8.0,2272.0,7.0,2270.0,2280.0,2261.0,2277.0,48.9259255034545,1.0,-8.0,2,11,0
2025-11-06,6.0,33.0,9.0,2264.0,19.0,2272.0,2287.0,2266.0,2273.714285714286,47.83068740802876,-10.0,-11.0,3,11,0
2025-11-07,7.666666666666667,33.0,7.666666666666667,2274.0,14.0,2264.0,2283.6666666666665,2269.3333333333335,2272.3333333333335,29.111110688373675,-6.333333333333333,-15.333333333333332,4,11,0
2025-11-08,9.333333333333334,33.0,6.333333333333334,2284.0,9.0,2274.0,2280.3333333333335,2272.6666666666665,2272.8571428571427,40.80952338681661,-2.666666666666666,-19.0,5,11,1
2025-11-09,11.0,33.0,5.0,2294.0,4.0,2284.0,2277.0,2276.0,2275.285714285714,105.57142814886096,1.0,-7.999999999999999,6,11,1
2025-11-10,11.0,36.0,8.5,2294.0,9.0,2294.0,2269.0,2282.0,2278.8571428571427,142.4761900538263,-0.5,-2.166666666666666,0,11,0
2025-11-11,11.0,39.0,12.0,2294.0,14.0,2294.0,2270.0,2286.0,2282.285714285714,153.90476148259336,-2.0,-1.5,1,11,0
2025-11-12,14.0,48.0,20.0,2302.0,7.0,2294.0,2272.0,2280.0,2286.5714285714284,179.61904719712516,13.0,10.5,2,11,0
2025-11-13,6.0,26.0,16.0,2317.0,5.0,2302.0,2264.0,2287.0,2294.1428571428573,182.14285672137257,11.0,22.0,3,11,0
2025-11-14,5.666666666666667,24.666666666666668,11.666666666666668,2324.6666666666665,5.0,2317.0,2274.0,2283.6666666666665,2301.3809523809523,208.6825392614753,6.666666666666668,30.666666666666668,4,11,0
2025-11-15,5.333333333333333,23.333333333333332,7.333333333333334,2332.3333333333335,5.0,2324.6666666666665,2284.0,2280.3333333333335,2308.285714285714,262.3862429655862,2.333333333333334,20.0,5,11,1
2025-11-16,5.0,22.0,3.0,2340.0,5.0,2332.3333333333335,2294.0,2277.0,2314.8571428571427,345.62433820406653,-2.0,7.000000000000002,6,11,1
2025-11-17,1.0,35.0,6.0,2343.0,8.0,2340.0,2294.0,2269.0,2321.8571428571427,347.95767153781156,-2.0,-1.666666666666666,0,11,0
2025-11-18,2.0,38.0,8.0,2345.0,12.0,2343.0,2294.0,2270.0,2329.1428571428573,245.95767153824136,-4.0,-8.0,1,11,0
2025-11-19,7.0,32.0,3.0,2340.0,10.0,2345.0,2302.0,2272.0,2334.5714285714284,108.4338620147535,-7.0,-13.0,2,11,0
2025-11-20,18.0,57.0,8.0,2340.0,9.0,2340.0,2317.0,2264.0,2337.8571428571427,49.29100487209311,-1.0,-12.0,3,11,0
2025-11-21,13.0,53.333333333333336,12.666666666666668,2351.6666666666665,6.333333333333334,2340.0,2324.6666666666665,2274.0,2341.714285714286,34.7195763008945,6.333333333333334,-1.666666666666666,4,11,0
2025-11-22,8.0,49.666666666666664,17.333333333333336,2363.3333333333335,3.666666666666667,2351.6666666666665,2332.3333333333335,2284.0,2346.1428571428573,75.06878265037169,13.666666666666668,19.0,5,11,1
2025-11-23,3.0,46.0,22.0,2375.0,1.0,2363.3333333333335,2340.0,2294.0,2351.1428571428573,178.40211598401083,21.0,41.0,6,11,1
2025-11-24,9.0,40.0,9.0,2371.0,13.0,2375.0,2343.0,2294.0,2355.1428571428573,214.4021159842549,-4.0,30.666666666666664,0,11,0
2025-11-25,6.0,47.0,14.0,2375.0,11.0,2371.0,2345.0,2294.0,2359.4285714285716,241.54497312737166,3.0,20.0,1,11,0
2025-11-26,5.0,35.5,11.0,2382.0,9.0,2375.0,2340.0,2302.0,2365.4285714285716,221.5449731277332,2.0,1.0,2,11,0
2025-11-27,4.0,24.0,8.0,2389.0,7.0,2382.0,2340.0,2317.0,2372.4285714285716,149.21163979482162,1.0,6.0,3,11,0
2025-11-28,4.0,22.0,8.666666666666666,2397.6666666666665,4.666666666666666,2389.0,2351.6666666666665,2324.6666666666665,2379.0,133.14814773172415,4.0,7.0,4,11,0
2025-11-29,4.0,20.0,9.333333333333334,2406.3333333333335,2.333333333333333,2397.6666666666665,2363.3333333333335,2332.3333333333335,2385.1428571428573,172.73544931939864,7.000000000000001,12.0,5,11,1
2025-11-30,4.0,18.0,10.0,2415.0,0.0,2406.3333333333335,2375.0,2340.0,2390.8571428571427,266.0687826530738,10.0,21.0,6,11,1
2025-12-01,4.0,26.0,4.0,2410.0,9.0,2415.0,2371.0,2343.0,2396.4285714285716,225.2116397962624,-5.0,12.0,0,12,0
2025-12-02,7.0,34.0,6.0,2407.0,8.0,2410.0,2375.0,2345.0,2401.0,142.92592551081853,-2.0,2.999999999999999,1,12,0
2025-12-03,4.0,32.0,8.0,2419.0,7.0,2407.0,2382.0,2340.0,2406.285714285714,104.16402074922799,1.0,-6.000000000000001,2,12,0
2025-12-04,16.0,39.0,7.0,2418.0,13.0,2419.0,2389.0,2340.0,2410.4285714285716,57.211639797093234,-6.0,-7.000000000000001,3,12,0
2025-12-05,12.0,34.0,9.0,2421.6666666666665,12.666666666666666,2418.0,2397.6666666666665,2351.6666666666665,2413.8571428571427,37.402115987770436,-3.666666666666666,-8.666666666666668,4,12,0
2025-12-06,8.0,29.0,11.0,2425.3333333333335,12.333333333333334,2421.6666666666665,2406.3333333333335,2363.3333333333335,2416.5714285714284,41.32275090856564,-1.333333333333334,-11.0,5,12,1
2025-12-07,4.0,24.0,13.0,2429.0,12.0,2425.3333333333335,2415.0,2375.0,2418.5714285714284,61.98941757534978,1.0,-4.000000000000001,6,12,1
2025-12-08,9.0,27.0,9.0,2440.0,4.0,2429.0,2410.0,2371.0,2422.8571428571427,104.84656043274178,5.0,4.666666666666665,0,12,0
2025-12-09,4.0,30.0,7.0,2443.0,8.0,2440.0,2407.0,2375.0,2428.0,99.70370329018358,-1.0,4.999999999999999,1,12,0
2025-12-10,10.0,54.0,5.0,2439.0,9.0,2443.0,2419.0,2382.0,2430.8571428571427,96.84656043320685,-4.0,-8.881784197001252e-16,2,12,0
2025-12-11,7.0,47.0,9.0,2437.0,10.0,2439.0,2418.0,2389.0,2433.5714285714284,66.98941757622163,-1.0,-6.000000000000001,3,12,0
2025-12-12,7.333333333333333,43.0,7.333333333333333,2445.3333333333335,9.333333333333334,2437.0,2421.6666666666665,2397.6666666666665,2436.952380952381,53.08994667694944,-2.000000000000001,-7.000000000000002,4,12,0
2025-12-13,7.666666666666667,39.0,5.666666666666666,2453.6666666666665,8.666666666666666,2445.3333333333335,2425.3333333333335,2406.3333333333335,2441.0,58.037036624276546,-3.0,-6.000000000000002,5,12,1
2025-12-14,8.0,35.0,4.0,2462.0,8.0,2453.6666666666665,2429.0,2415.0,2445.714285714286,81.60846519597968,-4.0,-9.000000000000002,6,12,1
2025-12-15,11.0,42.0,9.0,2470.0,7.0,2462.0,2440.0,2410.0,2450.0,153.03703662480146,2.0,-5.000000000000001,0,12,0
2025-12-16,8.0,54.0,15.0,2468.0,9.0,2470.0,2443.0,2407.0,2453.5714285714284,183.9894175773915,6.0,3.999999999999999,1,12,0
2025-12-17,7.0,31.0,11.0,2481.0,10.0,2468.0,2439.0,2419.0,2459.5714285714284,231.9894175777421,1.0,9.0,2,12,0
2025-12-18,11.0,50.0,6.0,2472.0,16.0,2481.0,2437.0,2418.0,2464.5714285714284,143.65608424470247,-10.0,-3.0,3,12,0
2025-12-19,9.333333333333334,39.333333333333336,7.666666666666667,2476.0,15.333333333333334,2472.0,2445.3333333333335,2421.6666666666665,2468.9523809523807,81.3492059380831,-7.666666666666667,-16.666666666666668,4,12,0
2025-12-20,7.666666666666666,28.666666666666668,9.333333333333334,2480.0,14.666666666666666,2476.0,2453.6666666666665,2425.3333333333335,2472.714285714286,46.23809482719332,-5.333333333333332,-23.0,5,12,1
2025-12-21,6.0,18.0,11.0,2484.0,14.0,2480.0,2462.0,2429.0,2475.8571428571427,36.80952339880762,-3.0,-16.0,6,12,1
